Car Model,Mileage,Sell Price($),Age(yrs)
Audi A5,106120,24133,6
Audi A5,66100,17860,5
BMW X5,13102,30862,1
Audi A5,23564,40638,2
Audi A5,64262,16730,5
BMW X5,65792,28309,5
Audi A5,109674,10000,9
BMW X5,13660,45325,1
BMW X5,176549,10000,10
Audi A5,13376,36044,1
Mercedez Benz C class,89553,10000,8
Audi A5,49284,22244,5
BMW X5,73780,10000,8
Mercedez Benz C class,68906,11557,4
Audi A5,95382,10000,10
BMW X5,11337,32323,1
Audi A5,65737,14871,7
Audi A5,118210,10000,8
Mercedez Benz C class,41860,12694,4
BMW X5,69052,10000,8
Audi A5,58705,12060,4
Audi A5,155462,10000,10
BMW X5,48650,24787,4
Mercedez Benz C class,133361,10000,10
Mercedez Benz C class,44387,35758,3
Mercedez Benz C class,122120,10000,8
Audi A5,48728,23347,4
BMW X5,51426,24702,3
Mercedez Benz C class,11184,43211,1
Mercedez Benz C class,52066,15779,6
Mercedez Benz C class,106626,10000,10
Mercedez Benz C class,121951,10000,9
Audi A5,84261,10000,10
Audi A5,61364,23664,4
Mercedez Benz C class,46993,32124,3
BMW X5,93552,10000,9
BMW X5,34504,33298,2
Mercedez Benz C class,53516,31623,3
BMW X5,62487,13240,6
Audi A5,11493,41205,1
Audi A5,133414,10000,10
Mercedez Benz C class,30946,28265,2
Mercedez Benz C class,31225,27826,3
Mercedez Benz C class,130366,10000,8
BMW X5,119102,10267,8
Mercedez Benz C class,57004,10000,7
BMW X5,72901,10000,6
BMW X5,18814,35034,2
BMW X5,85310,10000,5
Mercedez Benz C class,89691,10000,5
Mercedez Benz C class,32682,33884,3
Mercedez Benz C class,101794,12643,7
BMW X5,125874,10834,7
Mercedez Benz C class,32562,33252,4
Mercedez Benz C class,32948,21059,3
BMW X5,54673,18659,5
BMW X5,136898,10000,8
BMW X5,115227,10000,10
Audi A5,69223,23891,5
BMW X5,116458,10000,8
Mercedez Benz C class,126884,10000,10
BMW X5,38238,30555,3
Mercedez Benz C class,53734,26174,3
BMW X5,14711,38269,1
Audi A5,106345,10000,7
Mercedez Benz C class,15667,43535,1
Mercedez Benz C class,93898,10000,7
Mercedez Benz C class,20748,39623,2
BMW X5,37494,22606,3
BMW X5,14509,41524,1
Mercedez Benz C class,71404,24707,4
Audi A5,33739,27862,3
Mercedez Benz C class,32266,19080,4
BMW X5,92561,10000,8
Mercedez Benz C class,48984,26692,5
Mercedez Benz C class,34400,30689,4
Audi A5,127224,10000,10
Audi A5,136798,10000,8
Mercedez Benz C class,39947,25654,3
Audi A5,42076,18450,5
Mercedez Benz C class,93795,10000,7
BMW X5,117110,12237,7
Mercedez Benz C class,16163,28496,2
Audi A5,68397,12702,4
Audi A5,13004,41384,1
Audi A5,98153,10000,10
BMW X5,106986,10000,9
Mercedez Benz C class,106205,10000,10
Mercedez Benz C class,140541,10000,8
BMW X5,117270,10000,8
Audi A5,79843,10757,6
BMW X5,115273,10000,8
BMW X5,105254,10000,8
Mercedez Benz C class,81330,10000,9
BMW X5,92444,11408,7
Mercedez Benz C class,90903,10000,6
BMW X5,25384,26145,3
Mercedez Benz C class,56050,14430,7
Audi A5,10956,35730,1
Audi A5,27893,35300,2
BMW X5,36242,29092,3
BMW X5,36399,21627,4
Mercedez Benz C class,24455,27386,3
Mercedez Benz C class,33215,17594,4
BMW X5,63826,16705,4
Mercedez Benz C class,167928,10000,10
BMW X5,21835,34778,2
BMW X5,34408,30459,3
Mercedez Benz C class,95052,10000,10
BMW X5,102345,10000,9
Mercedez Benz C class,84735,13655,7
BMW X5,29916,35825,2
Mercedez Benz C class,71100,15508,7
Audi A5,13077,33088,1
Audi A5,142841,10000,10
BMW X5,45335,22075,5
BMW X5,87590,22107,5
Audi A5,104679,10000,8
Mercedez Benz C class,102220,10000,7
Mercedez Benz C class,40992,11434,5
Audi A5,125532,10000,10
BMW X5,159367,10000,10
BMW X5,35499,38695,2
Mercedez Benz C class,31239,35501,3
Audi A5,102495,15281,6
Mercedez Benz C class,106568,10000,6
BMW X5,76201,20195,5
Audi A5,55490,15163,4
Mercedez Benz C class,129372,10000,8
Audi A5,40818,27519,3
Audi A5,71947,10000,6
Mercedez Benz C class,105838,10000,7
Mercedez Benz C class,11975,32600,1
BMW X5,58371,23322,4
Mercedez Benz C class,54266,10351,6
BMW X5,100837,11226,8
Audi A5,43925,26699,3
BMW X5,80079,11089,7
Audi A5,15007,35572,1
Audi A5,47271,24536,3
Mercedez Benz C class,160931,10000,9
Audi A5,16933,37077,2
BMW X5,26156,30918,3
BMW X5,45996,32460,3
BMW X5,13657,42657,1
Mercedez Benz C class,10004,40709,1
Audi A5,14115,38125,1
BMW X5,23544,37286,2
BMW X5,14363,40074,1
Mercedez Benz C class,90292,10000,7
Audi A5,79760,19730,6
Mercedez Benz C class,80314,10000,7
Mercedez Benz C class,38443,25843,4
Mercedez Benz C class,83439,10000,8
Mercedez Benz C class,17814,30859,1
Audi A5,157317,10000,9
Audi A5,18537,29393,2
Mercedez Benz C class,134371,10000,10
Mercedez Benz C class,110791,13685,8
Mercedez Benz C class,64572,24473,4
BMW X5,130128,10000,10
Audi A5,15996,37227,1
BMW X5,152442,10000,10
Audi A5,84857,10000,9
BMW X5,50916,19705,6
Mercedez Benz C class,105013,10000,8
BMW X5,53633,26558,3
BMW X5,73221,17068,7
BMW X5,108591,10107,7
BMW X5,11241,34354,1
Mercedez Benz C class,158373,10000,9
Audi A5,105661,10000,9
Audi A5,114594,10000,9
BMW X5,59858,14009,4
Audi A5,110929,10000,8
Audi A5,12129,30367,1
Mercedez Benz C class,43784,29017,4
Audi A5,79634,13853,9
Audi A5,49768,12402,6
Mercedez Benz C class,27056,32203,3
BMW X5,68030,10000,6
Mercedez Benz C class,57580,21509,5
Audi A5,109830,10000,7
Mercedez Benz C class,9521,41281,1
Mercedez Benz C class,45379,26479,3
BMW X5,157116,10000,10
BMW X5,130428,10000,8
Mercedez Benz C class,84495,10000,10
Mercedez Benz C class,49305,23389,3
BMW X5,70639,13487,4
Mercedez Benz C class,92830,10000,9
Audi A5,82843,10000,6
Audi A5,69525,11349,5
Audi A5,19275,26844,2
Audi A5,15484,40216,1
Mercedez Benz C class,56928,23928,6
Audi A5,25210,27577,3
BMW X5,29945,35889,2
Audi A5,174352,10000,10
Audi A5,65430,10000,7
BMW X5,53101,22529,5
Audi A5,90602,10000,6
Mercedez Benz C class,36947,27028,3
BMW X5,11157,40701,1
BMW X5,78843,10000,9
BMW X5,53426,17385,3
Mercedez Benz C class,69167,21272,4
Audi A5,75497,21159,5
Audi A5,49212,24628,4
BMW X5,54681,18128,4
Mercedez Benz C class,11579,44959,1
Audi A5,89642,10000,8
BMW X5,32416,33972,3
Mercedez Benz C class,153590,10000,10
BMW X5,99977,11421,8
Audi A5,18836,31508,2
BMW X5,112531,10000,7
Audi A5,10751,45064,1
Mercedez Benz C class,74893,13703,6
Mercedez Benz C class,36843,24509,4
Mercedez Benz C class,104542,10000,10
Mercedez Benz C class,50262,10000,5
Mercedez Benz C class,18362,30355,2
Audi A5,175104,10000,10
Mercedez Benz C class,22684,36762,2
Audi A5,88166,23873,6
Audi A5,41655,33917,3
BMW X5,13742,40298,1
BMW X5,128865,10000,9
Audi A5,76537,13103,9
Mercedez Benz C class,67221,10000,8
BMW X5,54332,11802,6
Audi A5,100758,14753,6
Audi A5,14438,37014,1
Audi A5,52157,22693,4
Mercedez Benz C class,11499,30998,1
Mercedez Benz C class,86043,10000,10
BMW X5,115638,10000,10
BMW X5,20104,33810,2
BMW X5,78990,10000,9
Mercedez Benz C class,107779,15791,6
Mercedez Benz C class,96197,10000,8
Mercedez Benz C class,86683,26189,5
Mercedez Benz C class,21591,30639,2
Audi A5,33081,35659,2
Mercedez Benz C class,64813,21712,6
Audi A5,97925,10000,6
Mercedez Benz C class,80441,10378,9
BMW X5,118940,10000,7
BMW X5,127015,10602,9
Audi A5,82081,10000,7
Audi A5,14922,34620,1
Mercedez Benz C class,75057,15613,6
BMW X5,54146,23407,5
BMW X5,105404,10000,9
Mercedez Benz C class,81783,22819,5
BMW X5,106537,10582,6
Mercedez Benz C class,68472,10153,6
Audi A5,111132,10000,8
Mercedez Benz C class,101176,10098,6
BMW X5,21935,31363,2
BMW X5,123945,10000,7
BMW X5,24500,29164,2
BMW X5,41472,20802,5
Audi A5,127166,10000,10
Audi A5,17254,41165,1
Mercedez Benz C class,165990,10000,10
Mercedez Benz C class,98838,10000,7
Audi A5,71872,24557,4
Audi A5,26948,25982,3
Audi A5,33618,20891,3
Audi A5,35172,27068,2
BMW X5,76401,12962,5
BMW X5,143508,10000,8
Audi A5,53154,19192,5
BMW X5,16926,31754,1
Mercedez Benz C class,57067,17558,6
Mercedez Benz C class,79032,10000,9
BMW X5,63858,18186,4
BMW X5,32895,34577,2
BMW X5,98433,10000,8
Audi A5,58970,31370,4
Mercedez Benz C class,121913,10000,9
Audi A5,17834,36191,1
BMW X5,80320,10000,9
Mercedez Benz C class,83844,10000,9
Audi A5,33888,24639,3
Audi A5,17301,42921,1
BMW X5,81778,10000,7
BMW X5,83762,12476,7
Mercedez Benz C class,80494,10000,10
BMW X5,87893,13495,5
BMW X5,34813,25575,4
BMW X5,48715,14729,4
Mercedez Benz C class,62269,10733,7
Audi A5,157334,10000,10
BMW X5,25127,26278,3
Audi A5,36461,30857,3
Audi A5,41999,29335,3
Mercedez Benz C class,62113,19334,4
Mercedez Benz C class,8607,38580,1
BMW X5,134580,10000,10
BMW X5,127873,10000,10
BMW X5,13113,35949,1
BMW X5,34323,20322,3
Mercedez Benz C class,102591,10000,8
Mercedez Benz C class,139600,10000,9
BMW X5,9617,36986,1
Audi A5,34681,16181,4
Mercedez Benz C class,99616,10000,8
BMW X5,39274,24717,3
BMW X5,16584,42216,1
BMW X5,34022,32737,2
Audi A5,72232,10000,6
Audi A5,66232,23142,4
Audi A5,88926,10000,9
Mercedez Benz C class,97731,10000,9
BMW X5,80371,10000,10
Mercedez Benz C class,28795,28007,3
Mercedez Benz C class,12965,32551,1
Mercedez Benz C class,23248,30430,2
Audi A5,87897,16344,6
Audi A5,91038,10000,7
BMW X5,26117,34677,2
Audi A5,52067,10000,6
Audi A5,56786,24093,4
Audi A5,33627,34582,2
BMW X5,80912,10000,7
BMW X5,13106,34456,1
BMW X5,8382,40723,1
Audi A5,93516,10000,10
BMW X5,93240,15063,8
Mercedez Benz C class,17457,40760,1
Audi A5,10741,38344,1
Mercedez Benz C class,93275,14931,6
Mercedez Benz C class,118958,10000,8
BMW X5,127257,10000,9
BMW X5,63550,10000,6
Audi A5,60372,12155,7
Audi A5,101137,10000,9
BMW X5,43622,31242,3
Audi A5,50697,18984,4
Audi A5,9101,38638,1
Mercedez Benz C class,62981,22341,5
Audi A5,74293,10785,6
BMW X5,30453,27638,2
Mercedez Benz C class,74321,10000,9
Audi A5,84797,10000,9
BMW X5,61876,15885,4
Mercedez Benz C class,56348,12384,6
Audi A5,26355,33642,2
BMW X5,101236,10000,8
BMW X5,70487,10000,6
Audi A5,30310,33437,2
BMW X5,126584,10000,10
Mercedez Benz C class,23841,32713,2
Audi A5,32827,35521,2
Audi A5,68887,12836,7
Mercedez Benz C class,34242,22262,3
BMW X5,129684,10000,9
BMW X5,145955,10000,9
BMW X5,73357,23233,5
BMW X5,79591,10000,8
Audi A5,8621,44932,1
Mercedez Benz C class,71792,10000,7
Audi A5,91078,10000,9
Mercedez Benz C class,66976,15193,7
Mercedez Benz C class,123547,10000,7
BMW X5,122779,10000,9
BMW X5,116081,10000,9
BMW X5,35244,26434,4
Audi A5,92828,10000,8
BMW X5,17475,44426,1
BMW X5,11944,36787,1
BMW X5,85449,10000,5
Mercedez Benz C class,39801,13063,4
Audi A5,73589,19832,5
Audi A5,66954,23276,4
Audi A5,51794,30886,4
Mercedez Benz C class,33789,35534,2
BMW X5,147514,10000,10
BMW X5,37729,28509,3
Audi A5,149768,10000,9
Audi A5,50099,19847,4
BMW X5,123842,10000,8
Audi A5,61297,13898,6
BMW X5,44723,22719,4
Mercedez Benz C class,40334,28777,3
BMW X5,34981,22788,3
BMW X5,141421,10000,8
BMW X5,98503,10582,6
BMW X5,50620,31647,3
Audi A5,34589,28545,2
BMW X5,89560,10000,10
Audi A5,92696,10000,10
BMW X5,34010,36647,2
Mercedez Benz C class,94460,12018,7
BMW X5,47139,21415,5
Mercedez Benz C class,81412,17155,7
BMW X5,51348,27003,4
Mercedez Benz C class,112423,10000,8
Mercedez Benz C class,91561,10000,8
Mercedez Benz C class,12238,41921,1
Mercedez Benz C class,53295,28449,4
BMW X5,26339,34930,3
Mercedez Benz C class,46828,32657,4
BMW X5,152470,10000,9
BMW X5,157296,10000,9
Audi A5,132348,10000,8
Audi A5,41362,25496,3
Mercedez Benz C class,35152,25796,3
Mercedez Benz C class,61648,12822,7
Mercedez Benz C class,28712,32299,3
BMW X5,71084,24814,5
BMW X5,68499,22237,6
BMW X5,132096,10000,8
Audi A5,89545,10000,9
Audi A5,89370,11306,5
Mercedez Benz C class,104201,14005,6
Mercedez Benz C class,80279,10000,7
Audi A5,33148,23819,4
BMW X5,45922,23915,3
Mercedez Benz C class,32352,29904,2
BMW X5,117643,10000,10
Audi A5,107743,10000,9
Audi A5,16905,33772,1
BMW X5,120553,14418,7
Audi A5,23685,36387,2
BMW X5,34315,20624,3
Audi A5,134138,10000,10
Audi A5,81181,16563,5
Audi A5,108346,10000,8
BMW X5,60347,10480,6
Audi A5,71456,19544,5
Audi A5,36247,19328,3
BMW X5,68120,13464,5
BMW X5,106711,10000,10
Audi A5,125941,10000,10
BMW X5,88145,21197,5
BMW X5,14214,41909,1
Audi A5,100619,10000,6
BMW X5,104466,10631,6
BMW X5,76442,26216,5
BMW X5,105891,17137,6
BMW X5,42954,18574,5
BMW X5,14636,34046,1
Mercedez Benz C class,12250,38082,1
Audi A5,66829,28241,4
BMW X5,69809,10000,8
Mercedez Benz C class,102615,10000,10
Mercedez Benz C class,96938,14542,6
Audi A5,60653,19330,5
Mercedez Benz C class,144752,10000,10
Audi A5,71820,20960,4
Mercedez Benz C class,99273,10000,8
Audi A5,97970,12763,6
BMW X5,48244,33050,3
Audi A5,110595,10441,7
BMW X5,50982,31702,3
Audi A5,71816,25013,5
Mercedez Benz C class,110074,10000,10
BMW X5,13082,40447,1
Audi A5,107945,10000,8
Mercedez Benz C class,69718,28845,4
Mercedez Benz C class,77205,10000,6
Audi A5,65144,20112,4
Audi A5,62045,20078,4
Mercedez Benz C class,90557,10000,10
Mercedez Benz C class,103793,10000,9
Audi A5,92065,10000,8
BMW X5,35573,26538,4
BMW X5,69753,18618,7
Audi A5,56791,17969,4
Mercedez Benz C class,98473,10000,8
Audi A5,118988,10000,8
Audi A5,101030,10634,9
BMW X5,88680,14271,6
BMW X5,32123,37189,2
Mercedez Benz C class,74757,10000,9
Audi A5,65895,27230,4
Audi A5,85783,14098,8
Mercedez Benz C class,45695,29083,3
Mercedez Benz C class,49748,29249,4
BMW X5,100954,10000,9
Mercedez Benz C class,14738,40315,1
Mercedez Benz C class,61836,22443,4
Mercedez Benz C class,99150,10000,7
Audi A5,65338,19388,6
Audi A5,174107,10000,10
Audi A5,106839,14956,6
Mercedez Benz C class,8931,31568,1
BMW X5,79830,18252,6
Audi A5,91262,10000,9
Audi A5,148827,10000,10
Mercedez Benz C class,14693,36892,1
BMW X5,148291,10000,9
BMW X5,165287,10000,10
BMW X5,66101,10000,6
BMW X5,105384,10000,10
Audi A5,52320,22957,6
BMW X5,9838,42133,1
BMW X5,9545,34405,1
BMW X5,108262,10000,7
BMW X5,139376,10000,9
Audi A5,38002,26077,4
Mercedez Benz C class,112746,10000,10
Mercedez Benz C class,125020,10000,9
Mercedez Benz C class,61286,22820,5
BMW X5,62896,15801,5
Audi A5,16163,36747,1
Audi A5,76988,17420,5
Mercedez Benz C class,39413,36559,3
Audi A5,16053,39682,1
BMW X5,154387,10000,10
Mercedez Benz C class,49995,23949,3
Mercedez Benz C class,33064,40211,2
Audi A5,157622,10000,9
Mercedez Benz C class,154621,10000,9
Audi A5,81504,10000,10
BMW X5,39975,21212,4
Mercedez Benz C class,83304,10811,5
BMW X5,98131,10000,9
Mercedez Benz C class,12106,34511,1
Audi A5,29946,28129,2
BMW X5,50184,28187,3
BMW X5,9158,40016,1
BMW X5,178428,10000,10
BMW X5,89688,10000,6
Audi A5,58192,18502,6
Audi A5,30713,34184,3
BMW X5,8939,44569,1
BMW X5,46601,22906,5
Audi A5,174911,10000,10
Audi A5,135340,10000,8
BMW X5,115276,10000,7
Mercedez Benz C class,102832,10000,7
Audi A5,77468,10000,8
Audi A5,145848,10000,9
Mercedez Benz C class,82902,23360,5
Audi A5,15556,42937,1
BMW X5,69314,14124,6
Audi A5,105779,10000,10
Audi A5,10658,42410,1
BMW X5,49665,10000,5
BMW X5,114641,10000,7
Audi A5,35689,35072,2
Mercedez Benz C class,141929,10000,9
BMW X5,35332,19724,3
Audi A5,14152,37242,1
Mercedez Benz C class,63370,23121,4
Audi A5,123759,11506,7
BMW X5,97327,10000,8
BMW X5,90373,10000,7
BMW X5,58909,24486,4
Audi A5,8139,31496,1
Mercedez Benz C class,15782,43580,1
BMW X5,9185,36513,1
Mercedez Benz C class,15185,41196,1
Audi A5,43792,21516,4
BMW X5,8551,36125,1
BMW X5,51867,15368,4
BMW X5,62315,24404,4
Audi A5,85870,10000,8
Mercedez Benz C class,165480,10000,10
BMW X5,86873,15049,7
Audi A5,92859,10000,8
Mercedez Benz C class,71578,11031,8
Mercedez Benz C class,47073,26631,3
BMW X5,16243,27300,2
Audi A5,101662,10781,6
BMW X5,103987,11146,7
Mercedez Benz C class,84420,10000,6
Mercedez Benz C class,41721,23225,4
Mercedez Benz C class,122883,12350,8
Mercedez Benz C class,45787,10000,5
BMW X5,51875,19506,6
Mercedez Benz C class,69530,27678,4
Audi A5,81304,10000,6
BMW X5,157813,10000,10
Audi A5,11779,37566,1
Audi A5,103327,10000,9
Mercedez Benz C class,30987,39350,2
Mercedez Benz C class,15168,32970,1
Mercedez Benz C class,102127,16100,6
Mercedez Benz C class,179821,10000,10
Audi A5,70417,23949,5
BMW X5,110567,10000,9
Mercedez Benz C class,134087,10000,9
Audi A5,87039,10000,9
BMW X5,50797,26804,4
Audi A5,109071,10000,9
BMW X5,57666,31926,4
BMW X5,124545,14692,9
Mercedez Benz C class,23355,24684,2
BMW X5,29936,31585,3
BMW X5,92038,10000,8
BMW X5,19101,26450,2
BMW X5,163240,10000,10
Audi A5,24285,37548,2
BMW X5,105747,10000,8
Mercedez Benz C class,46077,25472,4
BMW X5,13696,43148,1
Audi A5,121864,10000,9
Mercedez Benz C class,141815,10000,10
BMW X5,41102,28801,4
BMW X5,20232,24442,2
Audi A5,121171,10000,9
Audi A5,111134,10000,7
BMW X5,39397,21091,4
Mercedez Benz C class,112327,10000,10
Audi A5,51472,15697,5
Audi A5,124225,10299,9
Mercedez Benz C class,112577,11405,7
Mercedez Benz C class,97818,10000,10
BMW X5,35266,39323,2
Audi A5,74115,10000,8
Mercedez Benz C class,101843,10000,9
BMW X5,42502,24466,3
Mercedez Benz C class,56792,10000,7
Audi A5,87542,26314,5
Mercedez Benz C class,55855,12341,4
Audi A5,129000,10000,8
BMW X5,74462,14834,5
BMW X5,85195,19143,6
Audi A5,26915,28208,2
BMW X5,105555,10000,8
Mercedez Benz C class,113640,10000,10
Audi A5,15139,31262,1
Audi A5,65630,29773,4
Mercedez Benz C class,89485,10000,9
Mercedez Benz C class,41830,26851,4
BMW X5,152649,10000,10
BMW X5,159290,10000,9
Mercedez Benz C class,133960,10000,9
Audi A5,28124,26042,3
Audi A5,18559,38952,2
Audi A5,26604,29074,3
Mercedez Benz C class,64189,19305,6
BMW X5,101249,10000,8
Audi A5,133097,10000,9
Mercedez Benz C class,103914,16444,7
Mercedez Benz C class,104490,10004,7
Audi A5,51920,11897,6
Audi A5,128216,10000,8
BMW X5,89151,10000,10
Audi A5,57198,17588,5
BMW X5,84756,12457,6
Audi A5,114078,10000,8
Audi A5,28877,28294,2
Mercedez Benz C class,81794,25102,6
Mercedez Benz C class,50888,12492,5
Audi A5,69846,25089,6
Audi A5,48649,26012,4
BMW X5,93874,10000,8
Mercedez Benz C class,90326,10000,8
Audi A5,48718,21519,4
Audi A5,51761,17371,4
Mercedez Benz C class,76776,10000,8
Audi A5,109791,10000,9
BMW X5,33288,32541,2
Mercedez Benz C class,20156,38994,2
BMW X5,118730,10000,10
Mercedez Benz C class,142541,10000,9
BMW X5,51857,16808,5
Mercedez Benz C class,140065,10000,8
BMW X5,65802,14941,5
BMW X5,35819,34572,3
BMW X5,94571,10000,10
Audi A5,44746,32806,3
Mercedez Benz C class,26892,26520,2
Audi A5,16115,41367,1
Mercedez Benz C class,76527,17597,5
BMW X5,150626,10000,9
Audi A5,108869,10000,8
BMW X5,47687,33614,4
Audi A5,16825,41850,1
BMW X5,47803,22386,4
Audi A5,42391,20584,4
Audi A5,44086,22045,3
BMW X5,138118,10000,8
Mercedez Benz C class,9649,42110,1
BMW X5,31661,37623,2
Audi A5,41437,26949,5
Mercedez Benz C class,95630,10000,9
BMW X5,84926,10000,6
BMW X5,78767,20486,5
BMW X5,30809,31670,2
Mercedez Benz C class,33445,35785,2
BMW X5,10245,41021,1
Audi A5,11899,44455,1
BMW X5,141587,10000,10
Audi A5,144061,10000,9
Mercedez Benz C class,25293,20274,3
Audi A5,118148,10000,8
Audi A5,27295,32531,2
Audi A5,63574,25406,5
BMW X5,144791,10000,10
Audi A5,38277,23585,3
Audi A5,45825,16508,5
BMW X5,78489,20044,6
Mercedez Benz C class,89367,21458,5
BMW X5,80122,10000,10
Audi A5,143200,10632,9
Audi A5,20279,37664,2
Audi A5,10637,42005,1
Audi A5,16369,37468,1
BMW X5,88659,12149,5
BMW X5,139510,10000,9
Audi A5,60167,22618,4
Mercedez Benz C class,82570,10000,7
Audi A5,117741,10000,8
BMW X5,60546,10000,7
Audi A5,113161,10000,10
Mercedez Benz C class,51554,23912,4
BMW X5,53046,15522,6
Audi A5,15852,40556,1
BMW X5,70690,26175,4
BMW X5,72674,18749,5
Audi A5,29806,30913,3
Audi A5,8468,41128,1
BMW X5,164497,10000,10
Mercedez Benz C class,38144,27602,4
Mercedez Benz C class,123164,10000,8
BMW X5,10543,39909,1
Audi A5,55647,18507,4
BMW X5,162828,10000,10
Mercedez Benz C class,106534,20976,6
Mercedez Benz C class,118155,10000,8
BMW X5,73932,13180,5
BMW X5,21402,30991,2
Audi A5,33585,31364,4
Audi A5,15450,33298,1
Mercedez Benz C class,150571,10000,9
Audi A5,16486,34674,1
Audi A5,128875,10000,10
Mercedez Benz C class,14564,43907,1
BMW X5,34004,25544,3
Audi A5,33985,19503,3
BMW X5,132525,10000,8
Audi A5,59909,20613,5
Mercedez Benz C class,85843,10000,6
Audi A5,19664,37068,2
Mercedez Benz C class,129061,10000,8
BMW X5,88709,10000,5
Audi A5,61482,13889,4
Audi A5,84087,10000,7
Mercedez Benz C class,71544,11279,5
Audi A5,120607,14560,8
Audi A5,19097,38846,2
Mercedez Benz C class,78254,12770,7
Audi A5,52579,14787,5
BMW X5,16517,35922,1
BMW X5,16505,42344,1
BMW X5,95700,11166,6
BMW X5,58516,18635,5
BMW X5,75770,15070,7
Audi A5,148242,10000,9
BMW X5,73790,10000,9
Mercedez Benz C class,111367,10000,8
BMW X5,51167,16200,6
Mercedez Benz C class,103074,10000,7
Mercedez Benz C class,102801,10000,8
Audi A5,68824,14510,8
Audi A5,71053,18731,5
Mercedez Benz C class,89219,10000,10
Mercedez Benz C class,44106,26467,3
Mercedez Benz C class,11672,33899,1
Mercedez Benz C class,33678,34603,2
BMW X5,91326,10000,10
Mercedez Benz C class,65331,10000,7
Audi A5,52570,18960,5
BMW X5,61769,12863,7
BMW X5,71746,25551,4
BMW X5,65699,24571,5
Audi A5,135734,10000,8
BMW X5,9714,35013,1
BMW X5,78944,19671,5
Audi A5,91824,11366,6
Audi A5,11597,35587,1
Audi A5,35886,31549,2
Audi A5,30564,27301,2
Mercedez Benz C class,62080,19204,6
Mercedez Benz C class,33443,32619,4
Mercedez Benz C class,58024,24880,4
Audi A5,25429,28440,3
Mercedez Benz C class,103031,10000,9
Mercedez Benz C class,27883,41204,2
Mercedez Benz C class,74913,24144,6
Mercedez Benz C class,142455,10000,8
Mercedez Benz C class,30665,33005,3
Mercedez Benz C class,49546,26417,5
BMW X5,177059,10000,10
BMW X5,92801,10000,8
Mercedez Benz C class,101722,10000,7
Mercedez Benz C class,73630,10000,8
BMW X5,47897,27314,3
BMW X5,76026,10000,9
BMW X5,101131,10000,9
BMW X5,59125,14818,6
Audi A5,67649,14739,7
BMW X5,98213,13478,7
Mercedez Benz C class,60315,22269,7
Audi A5,159000,10000,10
Mercedez Benz C class,135942,10000,8
Audi A5,10575,35722,1
Audi A5,126566,10000,10
Mercedez Benz C class,54979,11845,6
Audi A5,117477,10000,8
Audi A5,31737,32369,2
BMW X5,56619,19598,6
Audi A5,14484,41172,1
BMW X5,49251,13475,6
Mercedez Benz C class,94348,15784,6
Mercedez Benz C class,89824,10000,9
Mercedez Benz C class,42229,19557,3
Audi A5,8254,38090,1
Audi A5,97846,10000,8
Mercedez Benz C class,118661,10000,7
Mercedez Benz C class,28442,31769,2
Audi A5,38699,36266,3
Mercedez Benz C class,142866,10000,10
Mercedez Benz C class,81767,10000,9
Audi A5,85034,11006,5
Audi A5,67056,10000,6
Audi A5,43697,29565,3
Mercedez Benz C class,95254,19628,6
Mercedez Benz C class,45603,19769,4
Mercedez Benz C class,10505,40819,1
BMW X5,41807,31893,4
Mercedez Benz C class,10840,36803,1
BMW X5,83509,10000,10
Audi A5,16466,32698,2
Audi A5,106299,10000,7
Mercedez Benz C class,50026,28433,5
BMW X5,34341,32190,2
BMW X5,10355,35382,1
BMW X5,16653,32990,1
BMW X5,63206,29205,4
BMW X5,77852,10000,7
Audi A5,88366,17409,6
Mercedez Benz C class,70405,10000,8
Mercedez Benz C class,113702,10000,8
BMW X5,93941,10000,9
Audi A5,11899,44643,1
BMW X5,88875,10000,10
Audi A5,28378,30600,3
Audi A5,102270,10000,10
BMW X5,78553,10000,9
Mercedez Benz C class,51392,13315,4
BMW X5,81732,10000,9
Mercedez Benz C class,55630,27804,4
Audi A5,50821,30128,3
Audi A5,105202,15218,7
Audi A5,22123,25246,2
Mercedez Benz C class,31478,35718,2
BMW X5,56196,16185,7
Audi A5,77115,11682,7
Mercedez Benz C class,40415,18592,5
Mercedez Benz C class,17342,31027,2
Audi A5,88746,10000,8
BMW X5,77731,10000,7
Audi A5,12987,36228,1
Audi A5,31422,24310,3
BMW X5,46521,35302,3
Mercedez Benz C class,59586,21036,7
Mercedez Benz C class,28725,32230,2
BMW X5,160136,10000,10
Audi A5,75640,10000,9
BMW X5,34825,24871,3
BMW X5,88281,10000,8
Audi A5,77708,15926,7
Mercedez Benz C class,126194,10000,10
BMW X5,18210,28187,2
Audi A5,37653,18528,4
Audi A5,76346,10000,7
Audi A5,14333,37398,1
Mercedez Benz C class,106209,10000,9
Audi A5,45075,17548,4
Mercedez Benz C class,74828,10000,6
BMW X5,39006,35042,3
Audi A5,21699,29387,2
Audi A5,46241,28324,4
Audi A5,76310,12519,8
Audi A5,110546,10000,9
Audi A5,135020,10000,10
Mercedez Benz C class,17054,31427,2
BMW X5,69395,22250,5
Mercedez Benz C class,70455,10000,8
Mercedez Benz C class,77172,14093,6
Mercedez Benz C class,19940,38909,2
BMW X5,14722,40748,1
Audi A5,120760,10000,8
BMW X5,69260,14296,7
BMW X5,126266,10000,8
BMW X5,49187,12465,5
Mercedez Benz C class,39965,37993,3
Mercedez Benz C class,74542,11489,7
Mercedez Benz C class,112189,10000,8
BMW X5,177206,10000,10
BMW X5,14128,35851,1
Audi A5,63536,14882,6
Mercedez Benz C class,169478,10000,10
Audi A5,49340,18550,3
BMW X5,126421,10000,10
Audi A5,131454,10000,8
Mercedez Benz C class,122935,10000,8
Mercedez Benz C class,102505,10884,6
Audi A5,143278,10000,8
Mercedez Benz C class,86444,10000,7
BMW X5,88735,10000,9
Audi A5,114931,10000,8
Mercedez Benz C class,44140,27671,3
BMW X5,16893,35201,2
BMW X5,135443,10000,10
BMW X5,24974,30615,3
Mercedez Benz C class,63656,29256,5
Mercedez Benz C class,115902,15374,7
BMW X5,88128,10000,7
BMW X5,37856,31872,3
BMW X5,40783,23870,4
Mercedez Benz C class,11553,44746,1
Audi A5,87732,21916,6
Audi A5,56523,20987,5
BMW X5,48178,28310,3
BMW X5,32775,40231,2
Mercedez Benz C class,89753,22512,6
Audi A5,105222,10000,7
BMW X5,25657,31822,2
BMW X5,34973,33061,2
Mercedez Benz C class,44359,19421,5
Mercedez Benz C class,60486,11764,7
Audi A5,19980,32098,2
Audi A5,153658,10000,9
Mercedez Benz C class,25775,34431,2
BMW X5,38627,25565,3
BMW X5,17216,36884,1
Mercedez Benz C class,69860,14358,6
BMW X5,68961,15072,5
BMW X5,17283,30914,1
Audi A5,48603,27545,3
Audi A5,104927,10000,8
BMW X5,73002,23283,5
Audi A5,149656,10000,10
BMW X5,89766,11175,8
BMW X5,35674,21315,3
Mercedez Benz C class,67808,20231,5
Audi A5,43275,26725,5
Mercedez Benz C class,70986,11565,7
Audi A5,14471,31717,1
BMW X5,17960,28058,2
BMW X5,13533,36941,1
Audi A5,67945,11560,7
BMW X5,40563,24215,4
Mercedez Benz C class,76809,16472,7
Audi A5,55852,27128,5
Mercedez Benz C class,111072,10000,7
Mercedez Benz C class,63012,24223,4
BMW X5,126956,10000,9
BMW X5,58258,14107,6
Mercedez Benz C class,97919,10000,10
Audi A5,61398,10000,7
Audi A5,61493,20296,6
Mercedez Benz C class,59822,17190,6
Audi A5,87629,18092,6
Mercedez Benz C class,85453,10000,5
Audi A5,37999,27088,3
BMW X5,122765,10000,9
Mercedez Benz C class,134587,10000,9
Audi A5,169778,10000,10
BMW X5,26393,25393,3
BMW X5,95871,16852,6
Audi A5,45929,36099,3
Mercedez Benz C class,79401,10000,6
BMW X5,15129,35213,1
BMW X5,128509,10964,9
Audi A5,104830,10000,8
BMW X5,105213,10000,6
Mercedez Benz C class,87267,10000,8
BMW X5,50532,25720,4
BMW X5,34713,37112,2
BMW X5,45013,16456,5
Mercedez Benz C class,78926,13409,7
Audi A5,87894,15827,6
Audi A5,84135,10000,10
Audi A5,61664,12179,7
BMW X5,8972,35406,1
BMW X5,135694,10000,8
BMW X5,9547,42537,1
Audi A5,48387,31970,3
Mercedez Benz C class,16352,34732,2
Audi A5,25324,20180,3
Mercedez Benz C class,92160,15517,6
Mercedez Benz C class,78070,10000,8
BMW X5,87252,17266,6
Audi A5,33100,23834,4
Mercedez Benz C class,48467,27655,3
Mercedez Benz C class,148102,10000,10
BMW X5,71042,10000,7
Mercedez Benz C class,50874,19871,4
Audi A5,8701,40841,1
Mercedez Benz C class,179486,10000,10
Audi A5,42613,26470,4
BMW X5,112769,10000,9
Mercedez Benz C class,141095,10000,10
Audi A5,73769,10121,6
BMW X5,97240,10000,10
BMW X5,82415,10000,6
Mercedez Benz C class,14767,41956,1
Audi A5,17031,39201,1
Audi A5,55967,27719,4
Mercedez Benz C class,20231,38913,2
BMW X5,11210,45661,1
BMW X5,52780,19513,5
BMW X5,13196,33400,1
Audi A5,26673,34535,2
Audi A5,67614,31099,4
BMW X5,119867,10000,8
BMW X5,45100,20646,5
Audi A5,11963,34799,1
Audi A5,41695,28678,3
Audi A5,58715,22966,4
BMW X5,30738,35155,2
Audi A5,52904,23274,4
Audi A5,29971,38464,2
Mercedez Benz C class,33020,29047,2
Mercedez Benz C class,62407,20455,5
Audi A5,82131,10000,9
Audi A5,95352,10000,6
BMW X5,91979,10000,10
Audi A5,42881,31014,3
Mercedez Benz C class,53865,26492,4
Mercedez Benz C class,75974,21662,5
Audi A5,101484,10000,9
Audi A5,136035,10000,9
Mercedez Benz C class,90970,10000,10
BMW X5,61352,19848,5
Mercedez Benz C class,179414,10000,10
Mercedez Benz C class,62371,11184,7
Mercedez Benz C class,105188,10000,8
BMW X5,105299,10000,8
Audi A5,48686,19184,6
Mercedez Benz C class,15396,30788,1
Mercedez Benz C class,58733,10000,6
Mercedez Benz C class,129787,10000,8
Audi A5,35604,25187,4
Mercedez Benz C class,120546,10000,7
BMW X5,39254,29677,4
Mercedez Benz C class,177432,10000,10
Audi A5,130109,10000,9
Mercedez Benz C class,132743,10000,10
Mercedez Benz C class,117579,13142,7
Audi A5,34551,28710,2
BMW X5,82151,10000,8
Mercedez Benz C class,92231,10000,7
Mercedez Benz C class,81799,12881,6
Audi A5,53561,27857,4
BMW X5,16769,29198,2
Audi A5,38010,21969,4
Mercedez Benz C class,35310,18828,3
Mercedez Benz C class,101384,10000,7
Audi A5,85573,10000,10
Mercedez Benz C class,83856,10000,7
Audi A5,32183,22794,4
BMW X5,89709,10000,8
Mercedez Benz C class,81625,19638,5
Mercedez Benz C class,24652,26979,3
BMW X5,133036,10000,10
Mercedez Benz C class,68566,10000,7
Audi A5,33402,16922,4
BMW X5,64355,25552,4
Mercedez Benz C class,12434,32486,1
Mercedez Benz C class,16517,38844,1
BMW X5,96247,14737,6
Mercedez Benz C class,46083,14039,5
Audi A5,85236,10068,8
Mercedez Benz C class,80998,18835,5
Audi A5,114765,10000,7
BMW X5,27282,38404,2
Mercedez Benz C class,126435,10000,10
BMW X5,35725,29188,2
Mercedez Benz C class,10817,33009,1
Mercedez Benz C class,72545,10000,9
BMW X5,121831,10000,10
Audi A5,71895,24448,5
Mercedez Benz C class,81880,10000,6
BMW X5,121908,10000,9
BMW X5,124551,10000,9
Audi A5,18117,25461,2
Mercedez Benz C class,21691,29401,2
Audi A5,13253,36281,1
BMW X5,53237,20891,5
Audi A5,139454,10000,9
Mercedez Benz C class,68706,22762,4
Audi A5,16354,33661,1
Audi A5,76421,21423,5
BMW X5,62739,10000,6
BMW X5,96038,17453,6
Mercedez Benz C class,17891,38016,1
BMW X5,117809,10000,7
BMW X5,86485,10000,8
Mercedez Benz C class,22443,31746,2
BMW X5,43889,21037,5
BMW X5,40883,14965,4
Audi A5,70405,10000,7
Audi A5,69872,30376,4
Mercedez Benz C class,59171,20510,4
BMW X5,56168,29620,4
BMW X5,47139,29664,4
BMW X5,74126,11153,5
BMW X5,89274,10000,6
Audi A5,8032,37694,1
Audi A5,116714,18080,7
Mercedez Benz C class,65991,23489,4
BMW X5,166888,10000,10
Mercedez Benz C class,25289,32862,3
Audi A5,158890,10000,10
BMW X5,85932,10000,9
BMW X5,52684,10000,6
Mercedez Benz C class,70155,10000,7
Audi A5,114661,10000,8
Mercedez Benz C class,50525,24150,3
Mercedez Benz C class,105481,20116,6
Audi A5,94626,10000,8
Audi A5,60830,17379,7
Mercedez Benz C class,91912,10000,10
Audi A5,76785,24923,6
BMW X5,41189,26695,4
Audi A5,78479,10968,7
Audi A5,98466,10000,7
Audi A5,79549,10000,6
Mercedez Benz C class,153390,10000,10
Audi A5,100980,10000,9
Audi A5,99608,10000,6
Mercedez Benz C class,44326,11929,5
Audi A5,50811,18773,5
Mercedez Benz C class,97492,10000,6
Mercedez Benz C class,100343,15895,7
BMW X5,19452,32006,2
Audi A5,83185,14406,6
Audi A5,83321,25954,5
Mercedez Benz C class,13916,39902,1
BMW X5,82477,10000,10
Audi A5,57069,15136,6
Audi A5,96017,10000,8
Mercedez Benz C class,90553,10000,9
BMW X5,54363,19881,5
Audi A5,102306,12009,7
BMW X5,13719,31902,1
BMW X5,13045,36097,1
Audi A5,62414,20113,5
Mercedez Benz C class,16017,44749,1
Audi A5,48616,20199,3
BMW X5,112152,10000,10
BMW X5,169263,10000,10
Audi A5,14266,44978,1
Mercedez Benz C class,32512,34825,2
Mercedez Benz C class,102711,14186,6
Mercedez Benz C class,89891,22454,6
Audi A5,139702,10000,9
Mercedez Benz C class,57838,19527,4
BMW X5,89401,10000,10
Mercedez Benz C class,60611,13750,5
Mercedez Benz C class,158936,10000,9
BMW X5,61569,10000,6
Mercedez Benz C class,68867,10000,7
BMW X5,59824,30485,4
Audi A5,146659,10000,10
BMW X5,65743,10000,6
Mercedez Benz C class,17914,44794,1
Mercedez Benz C class,28361,32177,2
Audi A5,80348,10000,10
Audi A5,154481,10000,10
Mercedez Benz C class,43779,26571,3
Audi A5,53066,34242,3
BMW X5,144918,10000,10
BMW X5,9646,39871,1
BMW X5,30856,29579,3
BMW X5,55397,20431,5
BMW X5,109635,19463,7
Mercedez Benz C class,147450,10000,9
Audi A5,157485,10000,9
Audi A5,20557,36954,2
Mercedez Benz C class,88721,13724,5
Mercedez Benz C class,70876,25985,4
Audi A5,160751,10000,10
Audi A5,52866,21894,3
Mercedez Benz C class,82915,22918,5
Audi A5,47200,35816,3
Mercedez Benz C class,122961,10000,10
Audi A5,58389,17502,5
BMW X5,31823,32967,3
Audi A5,160094,10000,10
Mercedez Benz C class,107304,12850,6
Audi A5,60268,19431,4
BMW X5,58162,23601,5
Audi A5,105694,10000,8
BMW X5,24501,35593,2
Audi A5,31233,27371,3
Mercedez Benz C class,16817,32925,2
BMW X5,136172,10000,9
Mercedez Benz C class,33738,39766,2
Audi A5,36607,22976,4
Mercedez Benz C class,88977,16109,5
BMW X5,33716,27854,2
BMW X5,110039,10000,8
Audi A5,48529,24110,5
Mercedez Benz C class,133503,10000,8
BMW X5,44442,20066,5
Audi A5,79485,18747,5
Mercedez Benz C class,77731,20854,5
BMW X5,20932,39053,2
Audi A5,62263,19529,4
BMW X5,99190,10768,8
BMW X5,69910,28154,4
Audi A5,88368,16631,6
BMW X5,87482,10000,7
BMW X5,155296,10000,9
Mercedez Benz C class,88760,10473,5
BMW X5,36388,30504,3
Audi A5,82576,10000,10
Mercedez Benz C class,64040,15935,6
Mercedez Benz C class,93903,15259,6
BMW X5,176788,10000,10
Mercedez Benz C class,8262,40366,1
Mercedez Benz C class,73858,23054,5
BMW X5,67135,10000,8
Mercedez Benz C class,167279,10000,10
Audi A5,105447,10000,10
Audi A5,61156,10000,6
Audi A5,102020,10000,10
Audi A5,69948,15622,4
Audi A5,14911,39251,1
BMW X5,70872,10000,8
Audi A5,104185,10000,10
Mercedez Benz C class,32690,28972,4
Mercedez Benz C class,45835,29456,3
Mercedez Benz C class,86133,12368,7
Mercedez Benz C class,34824,23637,4
BMW X5,69471,23966,4
Audi A5,47078,31066,3
BMW X5,50170,20773,3
Audi A5,76899,14261,7
Audi A5,28845,39371,2
Mercedez Benz C class,31639,24765,2
Mercedez Benz C class,44880,27267,4
Audi A5,41375,17757,4
Mercedez Benz C class,89573,10000,10
BMW X5,33874,27727,4
BMW X5,133773,10000,8
BMW X5,100386,10000,7
BMW X5,69989,24236,4
Audi A5,85813,10000,8
Audi A5,76931,10000,9
Mercedez Benz C class,48556,10000,6
Audi A5,31845,31812,3
Audi A5,86703,10000,8
Audi A5,103037,18617,7
BMW X5,115868,11328,7
BMW X5,57611,18623,7
BMW X5,97148,10000,8
BMW X5,32173,25884,2
Audi A5,15783,36090,1
Mercedez Benz C class,68995,25149,5
BMW X5,13886,42901,1
BMW X5,85120,14105,6
Audi A5,17532,40835,2
Mercedez Benz C class,13339,40747,1
Audi A5,64858,10000,8
Mercedez Benz C class,89458,10000,10
Audi A5,107346,10000,6
Mercedez Benz C class,25867,31066,3
BMW X5,131183,10000,8
BMW X5,62822,10000,7
BMW X5,38671,25307,4
Audi A5,41013,29329,3
Mercedez Benz C class,49450,14172,5
BMW X5,79569,14298,6
Audi A5,11939,35145,1
BMW X5,68035,21902,4
BMW X5,40195,28504,3
Mercedez Benz C class,143665,10000,10
BMW X5,80776,10000,5
BMW X5,107579,10000,9
BMW X5,46888,34240,3
Audi A5,34429,25736,3
Audi A5,31166,23251,2
Mercedez Benz C class,32191,29310,2
Audi A5,73448,12517,7
BMW X5,9389,39427,1
Mercedez Benz C class,121014,10000,10
Mercedez Benz C class,25868,30859,2
Mercedez Benz C class,61497,15955,7
Audi A5,48359,28110,4
Mercedez Benz C class,42999,27754,4
Audi A5,63918,17471,6
BMW X5,96461,14939,8
Mercedez Benz C class,61613,23231,6
BMW X5,157977,10000,9
Audi A5,14899,44028,1
BMW X5,32714,32369,3
Mercedez Benz C class,60535,25475,4
Mercedez Benz C class,75080,17671,5
BMW X5,54976,27887,4
Audi A5,130836,10000,9
Audi A5,15040,40425,1
Mercedez Benz C class,58281,28393,4
Audi A5,80584,10000,9
Mercedez Benz C class,53795,22293,3
Mercedez Benz C class,24826,23695,3
Mercedez Benz C class,17830,33505,2
Audi A5,26328,32108,2
Audi A5,47712,22176,4
Mercedez Benz C class,30145,27958,2
Mercedez Benz C class,52229,31441,3
Audi A5,50164,18290,5
Audi A5,132119,10000,9
Mercedez Benz C class,36357,21355,3
BMW X5,140635,10000,10
BMW X5,53657,16360,4
BMW X5,23410,33701,2
Audi A5,92300,10000,9
Audi A5,52521,23849,4
BMW X5,55967,10000,5
Mercedez Benz C class,110013,10000,9
Mercedez Benz C class,136738,10000,10
Audi A5,93224,10000,8
Mercedez Benz C class,64889,18316,4
BMW X5,110884,10000,9
Mercedez Benz C class,77230,11301,5
Mercedez Benz C class,84213,19931,5
BMW X5,84331,18673,6
Audi A5,127866,10000,9
Mercedez Benz C class,86678,10000,9
BMW X5,21018,36047,2
Mercedez Benz C class,71510,15208,5
Mercedez Benz C class,119398,10000,8
Audi A5,75789,14984,6
Audi A5,54880,22591,6
Audi A5,33188,33566,3
BMW X5,101996,10000,8
BMW X5,59074,10000,7
BMW X5,87475,10000,7
Audi A5,11507,31532,1
BMW X5,79939,10000,9
Audi A5,46127,30606,3
Mercedez Benz C class,35501,39070,2
BMW X5,17416,41372,2
BMW X5,70483,12013,5
BMW X5,62417,19258,5
Mercedez Benz C class,52209,19089,5
BMW X5,25266,24673,3
Mercedez Benz C class,41235,23724,3
Mercedez Benz C class,105206,10000,7
Mercedez Benz C class,17089,35555,1
BMW X5,16856,44025,1
Audi A5,71388,10000,8
BMW X5,46545,21110,5
Audi A5,51443,29429,3
Mercedez Benz C class,75633,16337,6
BMW X5,19013,37676,2
Audi A5,99129,10000,9
Mercedez Benz C class,78551,11125,5
Mercedez Benz C class,104310,14669,7
Audi A5,29867,30809,2
BMW X5,17120,32443,1
Mercedez Benz C class,89256,10000,6
BMW X5,29929,27174,3
BMW X5,56550,10000,7
Audi A5,23873,27048,2
Mercedez Benz C class,121081,10000,7
Mercedez Benz C class,179906,10000,10
Mercedez Benz C class,83147,10000,8
BMW X5,95903,10000,10
BMW X5,108529,10000,8
Mercedez Benz C class,91183,10000,8
Audi A5,173937,10000,10
Mercedez Benz C class,16669,41628,1
Audi A5,17287,32556,2
Mercedez Benz C class,87391,12470,5
Mercedez Benz C class,24075,29597,2
Mercedez Benz C class,28635,29341,2
BMW X5,112158,10000,10
Audi A5,127136,10000,10
BMW X5,17959,39414,2
Audi A5,37339,25695,4
Audi A5,61258,14128,5
Mercedez Benz C class,66643,11890,5
Audi A5,47573,27680,4
BMW X5,123136,10000,7
Mercedez Benz C class,11596,38022,1
Audi A5,67171,22551,4
BMW X5,75817,14106,5
Mercedez Benz C class,15006,36298,1
BMW X5,12464,45483,1
BMW X5,42418,31464,3
Audi A5,58602,10000,7
Audi A5,89975,14783,5
Audi A5,90891,11993,6
BMW X5,20880,29883,2
Audi A5,44019,19662,5
Mercedez Benz C class,131390,10000,8
Audi A5,86001,10000,6
Audi A5,122116,10000,8
BMW X5,86402,10000,9
BMW X5,8462,35471,1
BMW X5,84827,10000,7
Audi A5,120906,10000,10
Audi A5,149214,10000,9
BMW X5,40871,24889,3
Mercedez Benz C class,141931,10000,9
Mercedez Benz C class,25387,35178,2
Mercedez Benz C class,69916,23625,4
Audi A5,27599,30221,3
BMW X5,99063,10000,10
Mercedez Benz C class,79621,17453,5
Mercedez Benz C class,152930,10000,9
Mercedez Benz C class,35697,31087,2
Audi A5,8721,33780,1
Mercedez Benz C class,96058,19172,6
BMW X5,70837,10000,8
Mercedez Benz C class,19077,29543,2
BMW X5,98149,10000,9
BMW X5,72747,10000,7
Audi A5,45391,15080,5
BMW X5,77171,20906,8
BMW X5,98137,10000,9
BMW X5,16664,34834,1
Mercedez Benz C class,49866,34389,3
Audi A5,97848,10000,9
Mercedez Benz C class,31326,29034,2
Mercedez Benz C class,130157,10000,10
Audi A5,70357,17249,5
Mercedez Benz C class,25139,32960,2
Audi A5,92049,10000,10
Mercedez Benz C class,34675,31666,2
Audi A5,137354,10000,9
Mercedez Benz C class,13955,42858,1
Audi A5,19905,38514,2
Audi A5,138595,10000,9
Mercedez Benz C class,40378,20370,4
Mercedez Benz C class,102839,10000,8
Mercedez Benz C class,57729,12196,7
BMW X5,91956,10000,9
Audi A5,128275,10000,9
BMW X5,78827,10000,7
Audi A5,53894,29436,3
Mercedez Benz C class,170003,10000,10
Mercedez Benz C class,63718,10000,7
BMW X5,84008,10000,6
Mercedez Benz C class,92033,10000,8
Audi A5,8825,39677,1
Audi A5,30146,28928,2
BMW X5,96076,10000,7
Audi A5,65019,24244,4
BMW X5,11295,32614,1
Audi A5,11893,34849,1
BMW X5,135503,10000,10
BMW X5,97610,10000,9
BMW X5,143052,10000,10
Audi A5,128010,10375,8
Mercedez Benz C class,89629,12055,7
BMW X5,30826,33267,2
Mercedez Benz C class,123025,10000,7
Mercedez Benz C class,43826,15550,5
Mercedez Benz C class,19001,29092,2
Mercedez Benz C class,59633,13842,4
Mercedez Benz C class,21101,27399,2
Mercedez Benz C class,92718,10279,7
BMW X5,100341,10000,10
Mercedez Benz C class,49619,26042,3
BMW X5,26226,22238,3
BMW X5,12755,44666,1
Mercedez Benz C class,16132,33632,2
Audi A5,66954,26237,4
Mercedez Benz C class,35173,28817,3
Audi A5,50188,20870,4
Audi A5,113092,10000,10
BMW X5,121327,10000,7
Audi A5,116151,10000,7
BMW X5,178227,10000,10
BMW X5,98449,21420,7
BMW X5,39621,36418,3
BMW X5,63709,18250,7
Audi A5,46018,31174,4
Audi A5,89718,10000,7
BMW X5,75634,10000,7
Audi A5,119977,10000,7
Audi A5,74182,13849,7
Audi A5,152028,10000,9
Mercedez Benz C class,77331,13494,5
Mercedez Benz C class,64820,11693,5
BMW X5,48246,10000,5
Mercedez Benz C class,56863,19425,4
Mercedez Benz C class,102883,10000,9
BMW X5,59974,19604,5
Mercedez Benz C class,54169,17663,6
Mercedez Benz C class,41480,14480,4
BMW X5,81404,10000,10
BMW X5,114493,13015,7
Mercedez Benz C class,71244,23351,4
Mercedez Benz C class,34365,20618,4
BMW X5,152254,10000,9
Audi A5,82925,10000,5
BMW X5,121236,10000,9
Mercedez Benz C class,26864,34994,2
Audi A5,26134,21479,3
Audi A5,81725,12283,5
Mercedez Benz C class,13808,35857,1
Audi A5,50873,24528,3
BMW X5,160454,10000,10
BMW X5,43663,26006,3
BMW X5,93967,10000,10
Mercedez Benz C class,65222,12623,5
Mercedez Benz C class,17444,40852,1
Mercedez Benz C class,94162,17323,6
BMW X5,29768,20787,3
BMW X5,87749,15399,6
BMW X5,93362,10000,9
Audi A5,50414,16091,4
BMW X5,12236,31046,1
Audi A5,58024,31624,4
Mercedez Benz C class,133023,10735,8
BMW X5,78375,10000,9
BMW X5,50609,14670,4
Audi A5,120204,10000,10
Audi A5,84811,10000,5
Mercedez Benz C class,85515,12879,5
BMW X5,114783,10000,9
BMW X5,113450,10000,8
Audi A5,178815,10000,10
Audi A5,78405,10000,5
BMW X5,109231,10000,9
Audi A5,15534,38591,1
Mercedez Benz C class,31639,28392,3
Audi A5,32700,19231,3
Mercedez Benz C class,29218,24739,3
BMW X5,86050,10000,7
BMW X5,69315,10000,7
Audi A5,16288,31937,1
Audi A5,64417,25764,4
Mercedez Benz C class,65683,22331,4
BMW X5,77733,16315,5
Mercedez Benz C class,59866,10000,6
Mercedez Benz C class,43569,27504,4
BMW X5,70836,24098,5
Mercedez Benz C class,163550,10000,10
Audi A5,68265,11568,7
Audi A5,9245,45131,1
Audi A5,17775,26713,2
BMW X5,87681,10000,6
BMW X5,74950,13182,7
Audi A5,10102,34341,1
Mercedez Benz C class,73478,23618,5
Audi A5,9828,33134,1
BMW X5,31877,25218,2
BMW X5,101162,10000,8
Mercedez Benz C class,135423,10000,9
Mercedez Benz C class,103113,10000,10
Audi A5,10431,30982,1
Mercedez Benz C class,52040,10000,6
Mercedez Benz C class,91129,10000,9
Audi A5,94419,10000,10
BMW X5,124164,16332,7
Mercedez Benz C class,63710,14470,6
BMW X5,20416,30964,2
Audi A5,17544,42059,1
Audi A5,77067,10000,9
Mercedez Benz C class,57699,18183,5
Audi A5,16630,29376,2
Mercedez Benz C class,16886,34304,1
BMW X5,27031,26330,3
BMW X5,143999,11656,9
Audi A5,60644,10000,7
Audi A5,9785,31759,1
BMW X5,16245,36447,2
Audi A5,58642,17039,4
Mercedez Benz C class,117532,10000,7
Mercedez Benz C class,32958,26853,3
Mercedez Benz C class,109823,10000,7
Mercedez Benz C class,69363,20049,5
BMW X5,56008,12542,6
BMW X5,93507,19077,6
Audi A5,103255,10000,9
BMW X5,137276,10000,9
Mercedez Benz C class,120438,10000,10
Mercedez Benz C class,40117,25029,3
Mercedez Benz C class,75917,18866,5
Audi A5,17653,31593,1
Mercedez Benz C class,32150,31929,3
Mercedez Benz C class,14369,30150,1
Mercedez Benz C class,149133,10000,10
Mercedez Benz C class,118850,10000,7
Audi A5,11987,42653,1
Mercedez Benz C class,161982,10000,10
BMW X5,28547,20413,3
Mercedez Benz C class,144497,10000,10
Mercedez Benz C class,88981,13926,9
BMW X5,12761,36221,1
Audi A5,76930,21613,5
Mercedez Benz C class,53344,21587,4
BMW X5,14050,31352,1
Audi A5,122774,11177,7
Audi A5,97221,13224,6
Audi A5,96601,10000,10
BMW X5,30500,28840,2
Audi A5,111281,10000,8
BMW X5,90516,10000,6
BMW X5,52373,24920,3
Mercedez Benz C class,20325,38355,2
Audi A5,150649,10000,9
Mercedez Benz C class,70615,20525,5
Mercedez Benz C class,148454,10000,10
Audi A5,36571,30762,3
BMW X5,69598,25928,5
BMW X5,16672,33960,1
Mercedez Benz C class,115412,15255,7
Mercedez Benz C class,100855,12155,6
BMW X5,52589,13800,5
Audi A5,24340,29054,2
Audi A5,51770,15496,6
BMW X5,156488,10000,9
Mercedez Benz C class,27111,29245,3
Audi A5,28804,23648,3
Mercedez Benz C class,86052,10718,6
Audi A5,158229,10000,10
Mercedez Benz C class,63046,12611,7
Audi A5,97807,10000,9
Mercedez Benz C class,109098,10000,7
Mercedez Benz C class,9953,37205,1
Mercedez Benz C class,91325,10000,6
Mercedez Benz C class,17604,36503,2
BMW X5,146318,10000,9
Mercedez Benz C class,147392,10000,9
Audi A5,72358,15273,7
Mercedez Benz C class,109450,10000,8
BMW X5,71747,10847,7
Audi A5,49207,10000,5
BMW X5,58598,10000,7
Audi A5,77966,10000,7
Audi A5,46818,22829,4
Audi A5,132733,10000,8
Mercedez Benz C class,29171,37425,2
Audi A5,51012,25755,3
Audi A5,113494,10000,9
Audi A5,75679,10000,8
Mercedez Benz C class,30577,36754,2
BMW X5,37014,23479,3
BMW X5,40183,31502,3
Mercedez Benz C class,110193,10000,7
BMW X5,92669,10000,8
BMW X5,59546,17467,6
Mercedez Benz C class,152054,10000,10
Audi A5,95362,14138,6
Audi A5,12830,31242,1
Mercedez Benz C class,37160,22757,3
BMW X5,91012,10000,8
Audi A5,40018,24092,4
Audi A5,44153,21194,5
Mercedez Benz C class,83303,19458,6
Audi A5,49935,10672,6
Mercedez Benz C class,59599,21725,4
Audi A5,103311,10000,10
Mercedez Benz C class,65333,19540,4
Mercedez Benz C class,14638,40024,1
Audi A5,13223,39683,1
BMW X5,60649,13143,7
Mercedez Benz C class,30506,36081,3
Mercedez Benz C class,40312,23252,3
Audi A5,13317,43767,1
Mercedez Benz C class,34594,27807,4
Mercedez Benz C class,9913,38454,1
BMW X5,70481,17619,5
BMW X5,32507,39736,2
Mercedez Benz C class,59202,24323,6
BMW X5,108411,10000,9
Mercedez Benz C class,43557,20000,5
BMW X5,82476,10000,10
Mercedez Benz C class,93330,10000,9
Audi A5,54234,19597,4
BMW X5,50121,24027,4
BMW X5,16276,42753,1
Mercedez Benz C class,19352,31282,2
Audi A5,85178,10579,5
BMW X5,102060,10000,7
Audi A5,16929,38937,1
Audi A5,94556,10000,6
BMW X5,84155,10000,5
Mercedez Benz C class,74385,10000,7
BMW X5,30022,27415,2
BMW X5,65225,10000,8
Audi A5,91143,15679,8
Audi A5,33404,37198,2
Mercedez Benz C class,31606,34172,2
BMW X5,162410,10000,10
Audi A5,115331,10000,7
BMW X5,80771,10000,7
Audi A5,29889,34874,2
Mercedez Benz C class,54285,13281,6
Mercedez Benz C class,122801,10000,8
Mercedez Benz C class,97486,10000,6
BMW X5,81723,10000,9
Audi A5,84239,11897,5
Audi A5,12311,36457,1
Mercedez Benz C class,89218,10000,7
Audi A5,15503,40370,1
Mercedez Benz C class,21197,28513,2
Mercedez Benz C class,39911,23126,4
Mercedez Benz C class,126004,10000,10
Mercedez Benz C class,69198,10000,6
Mercedez Benz C class,117948,10000,9
BMW X5,86304,11132,7
Mercedez Benz C class,57864,16799,6
BMW X5,104741,10000,10
BMW X5,16240,29903,2
BMW X5,11279,42472,1
Mercedez Benz C class,122904,10000,10
BMW X5,120869,10000,8
BMW X5,102751,10000,8
Audi A5,116875,10000,9
Audi A5,90596,10000,8
Audi A5,26270,36036,2
BMW X5,56590,12456,6
Mercedez Benz C class,20402,31736,2
Mercedez Benz C class,70027,22119,4
BMW X5,84268,15446,5
Audi A5,22232,27129,2
Mercedez Benz C class,176165,10000,10
Audi A5,110653,10000,7
Audi A5,93627,10000,8
Audi A5,176008,10000,10
Mercedez Benz C class,117528,10000,7
Mercedez Benz C class,136338,10000,8
Audi A5,39342,17778,4
BMW X5,115957,10000,7
Audi A5,103874,10000,8
Mercedez Benz C class,88701,10000,6
BMW X5,94305,10000,9
Mercedez Benz C class,84703,10000,5
BMW X5,86590,13668,7
Audi A5,19472,39883,2
BMW X5,26359,27339,3
BMW X5,113000,10000,8
Audi A5,128881,10000,8
BMW X5,16307,32574,1
Mercedez Benz C class,64898,10000,6
Audi A5,41868,23615,5
BMW X5,56235,15936,5
Audi A5,33108,27406,3
Mercedez Benz C class,23693,24692,2
BMW X5,80353,14212,5
Mercedez Benz C class,31979,35566,2
Mercedez Benz C class,25248,23576,3
BMW X5,8481,43734,1
Mercedez Benz C class,59811,20340,7
Audi A5,122520,10000,7
Audi A5,30423,27337,3
Audi A5,68112,14913,6
Mercedez Benz C class,122644,10000,7
BMW X5,23546,37052,2
Audi A5,35209,20934,3
Audi A5,13497,35771,1
Audi A5,96371,19038,7
Mercedez Benz C class,115723,10000,8
BMW X5,37646,25713,3
Mercedez Benz C class,106008,10000,6
Audi A5,55508,16038,6
BMW X5,160648,10000,10
Mercedez Benz C class,66362,12418,5
BMW X5,120492,10000,10
BMW X5,120750,10000,8
Audi A5,64063,10000,7
Audi A5,94349,10000,6
BMW X5,65449,21171,5
Audi A5,121116,10000,9
Mercedez Benz C class,76816,16490,6
Audi A5,60886,10433,7
BMW X5,14868,44833,1
Mercedez Benz C class,96731,12568,6
BMW X5,104732,10000,10
Audi A5,116213,10000,10
Mercedez Benz C class,11575,39173,1
BMW X5,123330,10000,9
BMW X5,109030,10099,8
Audi A5,11036,40063,1
BMW X5,100233,10000,6
BMW X5,139737,10000,10
Mercedez Benz C class,35166,32940,2
Mercedez Benz C class,69123,17092,4
BMW X5,83298,14752,6
Audi A5,98830,10000,10
BMW X5,75677,10302,5
Audi A5,31202,29459,2
BMW X5,115723,12400,7
Audi A5,12110,43551,1
Audi A5,107355,10000,10
Mercedez Benz C class,75941,20496,5
Mercedez Benz C class,129809,10000,9
BMW X5,33744,33648,3
BMW X5,63226,10000,7
Audi A5,61020,10000,6
Mercedez Benz C class,93760,14796,6
BMW X5,95534,10000,10
BMW X5,9304,42585,1
Audi A5,109446,10000,10
Audi A5,48077,22830,3
Mercedez Benz C class,57788,28223,4
BMW X5,105984,10000,8
BMW X5,84999,10000,8
Audi A5,14125,36948,1
BMW X5,49702,15243,6
BMW X5,44522,25241,5
BMW X5,60823,13329,7
Audi A5,127390,10000,8
Audi A5,50220,17441,4
BMW X5,92250,10000,6
Audi A5,51467,10659,5
Mercedez Benz C class,102900,10582,7
Audi A5,91663,11586,6
Audi A5,55427,15569,5
Audi A5,89291,10000,9
BMW X5,143235,10000,9
BMW X5,135925,10000,9
Audi A5,67632,16683,8
Mercedez Benz C class,10049,31266,1
Mercedez Benz C class,52468,26923,4
Mercedez Benz C class,39407,26725,3
Mercedez Benz C class,28041,38804,2
Audi A5,95788,18551,7
BMW X5,40732,34304,3
Mercedez Benz C class,92231,12874,8
BMW X5,42324,24514,3
BMW X5,126033,10000,9
Mercedez Benz C class,53802,23204,4
Mercedez Benz C class,125913,10000,8
Audi A5,55842,32351,4
Audi A5,74457,10000,5
Mercedez Benz C class,111838,10000,8
Audi A5,87291,10000,9
BMW X5,47388,16973,5
Mercedez Benz C class,43589,23311,5
Audi A5,50074,32011,3
Audi A5,92353,10000,8
Mercedez Benz C class,31718,19103,3
BMW X5,73748,17903,7
BMW X5,150990,10000,9
Mercedez Benz C class,91251,10000,7
BMW X5,137013,10000,8
BMW X5,98865,12608,6
Audi A5,120149,10000,10
Mercedez Benz C class,103426,18735,7
Audi A5,45335,29352,4
Mercedez Benz C class,71184,13391,7
Audi A5,24938,29391,3
Mercedez Benz C class,8650,43056,1
Audi A5,93346,23214,6
Audi A5,43354,25524,3
Mercedez Benz C class,49974,25691,3
BMW X5,148779,10000,9
BMW X5,86442,10000,10
Audi A5,148691,10000,10
BMW X5,39481,31384,3
Mercedez Benz C class,106076,10000,8
Mercedez Benz C class,86241,10000,8
Audi A5,23034,33820,2
Mercedez Benz C class,122451,10000,8
BMW X5,66028,23082,5
Mercedez Benz C class,46926,26777,3
Mercedez Benz C class,158992,10000,9
Audi A5,31737,26554,2
Audi A5,60077,17525,5
Audi A5,47470,32014,3
BMW X5,80718,10000,10
BMW X5,71930,10000,7
Mercedez Benz C class,68077,15056,4
Audi A5,79622,10000,9
BMW X5,45830,33087,3
BMW X5,12801,33310,1
Audi A5,36989,26386,3
Audi A5,86703,10000,10
BMW X5,84629,10000,9
Mercedez Benz C class,95295,14782,7
Mercedez Benz C class,53085,21323,3
Mercedez Benz C class,73346,10000,7
BMW X5,40934,21007,3
Audi A5,118444,10000,8
Mercedez Benz C class,56805,10000,7
Audi A5,80382,10000,5
Mercedez Benz C class,139903,10000,8
Audi A5,72146,10000,8
Audi A5,81837,10000,7
BMW X5,61757,15113,6
BMW X5,87848,14850,5
Mercedez Benz C class,39073,37198,3
Mercedez Benz C class,60054,12539,5
BMW X5,49754,18776,6
BMW X5,14461,35828,1
Mercedez Benz C class,46702,30661,3
Audi A5,77765,10000,7
BMW X5,58778,10000,6
BMW X5,17133,42938,1
BMW X5,107728,13241,6
Mercedez Benz C class,82723,10000,10
Audi A5,68517,10000,8
Audi A5,11585,41384,1
Mercedez Benz C class,86027,10000,7
Audi A5,175440,10000,10
Mercedez Benz C class,142632,10000,8
BMW X5,16763,29602,2
Audi A5,89249,10000,7
Mercedez Benz C class,24770,39731,2
BMW X5,72702,15516,5
Audi A5,48652,13792,6
Mercedez Benz C class,67896,10000,6
Audi A5,86031,10000,9
BMW X5,18758,37588,2
Audi A5,90844,10000,7
BMW X5,107473,11791,6
Mercedez Benz C class,39502,23747,4
Mercedez Benz C class,24398,28778,2
Audi A5,55177,15436,5
Audi A5,84074,20973,7
Audi A5,61680,18804,6
Audi A5,88287,17242,5
Mercedez Benz C class,33396,34547,2
Audi A5,13167,30432,1
Mercedez Benz C class,8490,45205,1
Audi A5,160350,10000,10
BMW X5,22666,40387,2
Mercedez Benz C class,71750,31357,4
BMW X5,97487,10000,8
Mercedez Benz C class,65490,15427,6
BMW X5,49526,20046,4
Mercedez Benz C class,36980,34454,4
Mercedez Benz C class,66270,22609,7
Mercedez Benz C class,33969,39252,2
Audi A5,97814,12610,6
Audi A5,15041,43793,1
Mercedez Benz C class,14239,35327,1
BMW X5,100244,10000,6
BMW X5,62367,11670,5
Audi A5,48822,15223,4
Audi A5,21797,28277,2
Mercedez Benz C class,16807,30865,2
BMW X5,34494,17613,4
BMW X5,67454,30573,4
Mercedez Benz C class,49757,31699,3
BMW X5,27587,29126,3
BMW X5,80201,12408,6
Audi A5,78596,10000,6
BMW X5,86173,10000,8
BMW X5,69040,22412,5
BMW X5,42408,19565,3
BMW X5,43252,21207,5
Audi A5,144653,10000,9
BMW X5,45378,29201,3
Mercedez Benz C class,40325,22873,5
Mercedez Benz C class,53960,10000,6
Mercedez Benz C class,82060,10610,6
Mercedez Benz C class,41178,26531,4
Audi A5,52189,13370,6
Audi A5,60888,11188,7
BMW X5,71499,12165,8
Audi A5,26137,32989,2
Audi A5,16647,41920,1
BMW X5,17779,36932,1
Audi A5,69798,28474,5
Mercedez Benz C class,58797,18516,7
BMW X5,66747,18028,4
Audi A5,64763,12451,4
Audi A5,14909,39528,1
BMW X5,159467,10000,9
Audi A5,47966,23586,3
Mercedez Benz C class,16224,39805,1
Audi A5,32045,34203,2
Audi A5,42268,17553,4
BMW X5,66195,10000,8
BMW X5,22560,29422,2
BMW X5,89807,10000,6
Audi A5,52370,31655,3
BMW X5,53205,18797,5
BMW X5,75653,10000,6
Audi A5,104460,10000,8
Mercedez Benz C class,98480,10000,7
BMW X5,68778,16864,5
Audi A5,161055,10000,10
BMW X5,84286,10000,9
Mercedez Benz C class,88435,10000,10
Mercedez Benz C class,17022,36774,2
Mercedez Benz C class,49955,23972,3
Audi A5,128056,10000,8
BMW X5,39865,26897,3
Audi A5,82737,10000,9
BMW X5,29917,27792,2
Audi A5,34026,33657,2
Audi A5,13504,43663,1
Mercedez Benz C class,69401,28167,4
BMW X5,53341,19426,5
Audi A5,86983,10000,10
BMW X5,26649,37180,3
Audi A5,31931,34271,3
Mercedez Benz C class,81446,17461,5
Mercedez Benz C class,48752,19330,4
Audi A5,82982,10000,7
Audi A5,140096,10000,8
BMW X5,27811,33236,2
BMW X5,90676,10000,7
Audi A5,66369,13101,5
Audi A5,69114,22008,5
BMW X5,9756,32164,1
Mercedez Benz C class,15949,34451,1
Audi A5,82209,10000,9
Mercedez Benz C class,17819,35989,1
Mercedez Benz C class,88513,10000,7
Audi A5,48817,34719,3
Audi A5,93354,10000,6
BMW X5,125434,10000,9
BMW X5,11814,31126,1
BMW X5,21568,38540,2
BMW X5,106441,10000,6
Mercedez Benz C class,39931,34126,3
Audi A5,54617,12051,4
Audi A5,17342,39419,1
Mercedez Benz C class,53359,28043,3
Audi A5,135118,10000,9
BMW X5,142622,10000,9
Mercedez Benz C class,41799,18762,4
Audi A5,49442,22380,5
Audi A5,73798,10000,7
Audi A5,44281,23425,5
BMW X5,102862,10000,10
BMW X5,46547,19380,5
Mercedez Benz C class,55770,17370,6
BMW X5,9104,43314,1
BMW X5,120252,10000,7
Mercedez Benz C class,25884,37034,2
Audi A5,64487,25703,4
Audi A5,65834,18851,4
BMW X5,67511,18528,4
BMW X5,13357,35365,1
Audi A5,85747,15525,8
BMW X5,59575,24934,4
BMW X5,76568,22597,5
Audi A5,69345,31055,5
Audi A5,77146,18908,5
Mercedez Benz C class,43209,27580,4
BMW X5,45679,17788,4
BMW X5,53799,26969,4
Audi A5,63479,13058,4
Audi A5,67062,18368,4
BMW X5,64565,10000,8
Mercedez Benz C class,88455,13844,7
Audi A5,25098,36542,2
BMW X5,155832,10000,10
Audi A5,74412,15006,6
Mercedez Benz C class,135289,10000,8
BMW X5,66609,10000,8
Audi A5,93061,10000,6
BMW X5,105511,10984,6
Audi A5,105484,10000,7
BMW X5,79923,10000,8
Mercedez Benz C class,23076,28359,2
BMW X5,62076,19534,5
BMW X5,9238,44972,1
BMW X5,58651,18976,5
Mercedez Benz C class,30641,41869,2
Mercedez Benz C class,76451,10000,7
Audi A5,71714,16252,6
Mercedez Benz C class,27850,31844,2
Mercedez Benz C class,66780,17845,4
BMW X5,44019,26616,3
Mercedez Benz C class,16048,32718,2
Audi A5,11763,44087,1
Mercedez Benz C class,71275,27580,4
BMW X5,63378,11214,7
Mercedez Benz C class,25074,31873,2
BMW X5,150536,10000,10
BMW X5,32655,33903,2
Mercedez Benz C class,81547,17515,5
Audi A5,108676,10000,8
Mercedez Benz C class,25533,28401,2
Mercedez Benz C class,39030,14549,4
BMW X5,24297,30057,2
Audi A5,41786,34902,3
Audi A5,32474,23711,2
Audi A5,127144,10000,8
BMW X5,101085,10000,7
Audi A5,51080,11642,5
Audi A5,22140,39766,2
Audi A5,48034,19870,5
Mercedez Benz C class,82969,16372,9
BMW X5,33357,36764,2
Mercedez Benz C class,121800,14386,7
Mercedez Benz C class,46705,21950,4
BMW X5,90101,10000,9
Mercedez Benz C class,32775,34129,3
BMW X5,154817,12052,9
BMW X5,85338,10000,10
BMW X5,68966,26287,4
Audi A5,47392,33147,3
Audi A5,50909,22081,3
Mercedez Benz C class,9053,44672,1
Audi A5,101210,10500,6
BMW X5,29977,41445,2
Mercedez Benz C class,90964,11106,6
Audi A5,10760,31104,1
BMW X5,27173,38471,2
Mercedez Benz C class,8325,37415,1
BMW X5,28845,34075,3
Audi A5,75442,10000,9
Mercedez Benz C class,100782,10000,6
BMW X5,89395,10000,9
BMW X5,99604,10000,9
Audi A5,71076,10000,6
BMW X5,112433,10000,8
Audi A5,95718,10000,8
Audi A5,170272,10000,10
BMW X5,42381,12456,5
Audi A5,117534,16792,7
Audi A5,133200,10000,10
Mercedez Benz C class,60598,19540,4
BMW X5,104589,10000,9
Mercedez Benz C class,109873,10000,9
BMW X5,84863,14560,7
BMW X5,86539,10000,8
BMW X5,66800,10414,6
Mercedez Benz C class,122861,10000,7
Mercedez Benz C class,52849,18952,3
Mercedez Benz C class,25826,29962,2
BMW X5,126946,10000,10
BMW X5,14528,34341,1
Audi A5,13246,45987,1
Audi A5,57970,16361,7
Audi A5,41697,18898,3
Audi A5,35088,31508,3
Audi A5,12017,38802,1
Audi A5,139735,10000,9
Audi A5,76257,10000,9
Mercedez Benz C class,94987,16796,6
BMW X5,137715,10000,8
Mercedez Benz C class,41789,32560,3
Audi A5,79374,10000,8
Audi A5,16482,30466,1
Audi A5,122309,10000,8
Mercedez Benz C class,15599,36231,1
Mercedez Benz C class,51012,28963,3
Audi A5,54610,18133,6
BMW X5,28378,41393,2
BMW X5,33603,29887,4
BMW X5,22789,25164,2
BMW X5,56100,18426,5
BMW X5,18724,40672,2
Audi A5,111396,17116,7
Audi A5,59336,18593,5
Audi A5,65625,10000,8
BMW X5,44097,34633,3
BMW X5,28169,32660,2
Mercedez Benz C class,65350,24938,4
Audi A5,147056,10000,10
BMW X5,13232,41804,1
BMW X5,17711,38576,1
Mercedez Benz C class,37320,27321,3
Audi A5,99721,10000,10
BMW X5,93842,10000,6
BMW X5,71957,13040,7
Audi A5,31962,35967,2
Audi A5,116576,10000,7
BMW X5,113296,10000,10
BMW X5,70519,10000,8
Mercedez Benz C class,33875,39027,2
Audi A5,115124,10000,9
BMW X5,45996,19269,3
BMW X5,64976,10000,8
BMW X5,50292,27418,3
BMW X5,116149,10000,7
Audi A5,50851,28703,4
BMW X5,16330,38262,1
Audi A5,72912,10000,9
Audi A5,66713,26827,4
Mercedez Benz C class,62369,11899,6
Mercedez Benz C class,76515,12727,6
BMW X5,178260,10000,10
BMW X5,28924,28717,2
Audi A5,141594,10000,8
Audi A5,54832,24996,4
Mercedez Benz C class,94776,10000,9
BMW X5,33456,26386,3
Mercedez Benz C class,46938,30180,3
BMW X5,42152,24908,5
BMW X5,12154,33189,1
BMW X5,99559,11014,9
Audi A5,51046,25814,3
Mercedez Benz C class,70657,10000,8
Mercedez Benz C class,97537,10000,10
BMW X5,15212,43988,1
Mercedez Benz C class,109775,10000,8
BMW X5,59225,19924,5
BMW X5,21228,29026,2
Mercedez Benz C class,59842,17192,7
BMW X5,140229,10000,9
Mercedez Benz C class,66762,28857,4
Mercedez Benz C class,85432,10000,9
BMW X5,91969,10000,8
Audi A5,123723,10000,10
BMW X5,100847,21365,6
Mercedez Benz C class,64896,10000,8
BMW X5,12929,44006,1
Audi A5,116038,10000,10
Audi A5,30825,33266,2
Mercedez Benz C class,81608,10000,8
BMW X5,108784,10000,9
BMW X5,21257,29830,2
Audi A5,42321,32942,3
Audi A5,87165,14831,7
Mercedez Benz C class,108657,19266,7
Audi A5,50274,21662,4
Audi A5,70460,26636,4
Mercedez Benz C class,88396,10000,6
Mercedez Benz C class,98335,10000,10
BMW X5,95812,10000,8
BMW X5,46994,21138,4
BMW X5,59594,19384,4
Audi A5,68560,21305,5
BMW X5,104759,10000,9
BMW X5,52294,23238,3
BMW X5,63105,31979,4
Audi A5,83863,23450,6
Audi A5,86700,18829,6
Mercedez Benz C class,165045,10000,10
Mercedez Benz C class,50721,27709,4
Mercedez Benz C class,56561,12589,5
Mercedez Benz C class,55528,14367,4
BMW X5,51172,24102,3
Mercedez Benz C class,17886,36744,2
BMW X5,24206,33453,3
BMW X5,74634,18367,6
Mercedez Benz C class,20053,34982,2
Audi A5,145143,10000,10
Mercedez Benz C class,22514,29241,2
Mercedez Benz C class,77471,11679,6
Mercedez Benz C class,61814,10370,6
Mercedez Benz C class,93183,10000,7
Mercedez Benz C class,35849,31906,2
BMW X5,122922,10000,7
Audi A5,18748,40896,2
Mercedez Benz C class,167366,10000,10
Mercedez Benz C class,63392,25267,4
BMW X5,85580,10176,8
Mercedez Benz C class,56496,12267,6
Audi A5,135720,10000,9
BMW X5,92614,10000,7
Mercedez Benz C class,16381,31098,1
Audi A5,17528,37277,2
Mercedez Benz C class,34089,28319,2
Audi A5,46554,22917,5
Mercedez Benz C class,100862,10000,8
BMW X5,24254,28611,2
Mercedez Benz C class,131063,10000,10
BMW X5,106763,10000,9
Audi A5,52727,10722,6
BMW X5,9729,35683,1
Audi A5,58093,10000,7
Audi A5,90370,17059,6
BMW X5,66841,10000,8
Audi A5,120293,10000,7
Mercedez Benz C class,72318,16396,6
Mercedez Benz C class,110380,10000,10
BMW X5,30695,32418,2
Audi A5,105861,10000,6
BMW X5,10288,37179,1
Mercedez Benz C class,51683,20941,5
BMW X5,83492,10000,7
Mercedez Benz C class,88808,10000,9
Mercedez Benz C class,41688,25364,3
BMW X5,97424,10000,8
BMW X5,16113,37663,2
BMW X5,32828,34888,2
Mercedez Benz C class,104110,10000,10
Mercedez Benz C class,18143,31794,2
Mercedez Benz C class,68337,15820,4
Mercedez Benz C class,40604,32374,3
Audi A5,80626,10000,9
Audi A5,30917,31090,2
Audi A5,45169,29149,4
Mercedez Benz C class,56564,23576,4
BMW X5,46415,28811,3
BMW X5,99587,10000,10
BMW X5,58073,20389,5
Mercedez Benz C class,27062,33010,2
BMW X5,96898,10000,9
BMW X5,150572,10000,10
BMW X5,60546,10000,7
Mercedez Benz C class,50015,11670,6
Audi A5,123778,10000,8
Mercedez Benz C class,143508,10000,8
BMW X5,45591,18628,4
Audi A5,55805,23930,6
BMW X5,109132,10000,8
BMW X5,103134,10000,7
Mercedez Benz C class,13037,38770,1
Mercedez Benz C class,68471,14378,6
Mercedez Benz C class,153708,10000,10
Audi A5,33887,21085,4
Audi A5,118411,10000,10
BMW X5,63335,25002,6
Audi A5,9654,38946,1
Mercedez Benz C class,150547,10000,10
Mercedez Benz C class,48819,17034,5
Audi A5,67005,13416,7
Mercedez Benz C class,14303,39276,1
Audi A5,106142,10000,8
Mercedez Benz C class,92011,10000,6
Mercedez Benz C class,34984,36700,3
Mercedez Benz C class,130539,10000,9
Audi A5,23435,28685,2
BMW X5,83095,15752,8
Audi A5,9184,31957,1
Mercedez Benz C class,21374,41936,2
Mercedez Benz C class,17879,31264,2
Audi A5,89209,10457,7
Mercedez Benz C class,81556,10000,8
BMW X5,51018,15137,5
BMW X5,62566,26429,4
Mercedez Benz C class,11263,36244,1
BMW X5,49543,33120,3
Audi A5,41293,17658,5
BMW X5,53102,29787,4
Audi A5,43117,33406,3
BMW X5,14441,41817,1
Audi A5,58123,10000,6
BMW X5,132201,10000,8
BMW X5,165228,10000,10
Audi A5,139125,10000,8
BMW X5,55650,16173,4
BMW X5,160179,10000,9
Audi A5,57913,20602,4
Mercedez Benz C class,33318,19626,3
Mercedez Benz C class,40733,32930,3
BMW X5,20079,28063,2
Mercedez Benz C class,88161,23808,5
Mercedez Benz C class,8801,33387,1
Mercedez Benz C class,25215,40157,2
Mercedez Benz C class,67124,12798,6
BMW X5,59711,23907,4
BMW X5,66479,12665,7
Mercedez Benz C class,11503,31258,1
Mercedez Benz C class,46497,25610,3
Audi A5,107301,10000,7
BMW X5,111249,10000,9
Mercedez Benz C class,125196,10000,8
Mercedez Benz C class,117134,10000,10
Audi A5,53843,21766,5
Audi A5,19724,31603,2
Mercedez Benz C class,69674,19561,4
Audi A5,119519,10000,7
Audi A5,24446,26099,2
Mercedez Benz C class,69646,10000,7
Audi A5,34622,20978,4
Mercedez Benz C class,42796,18026,4
BMW X5,75885,10000,7
BMW X5,28668,28491,3
Mercedez Benz C class,47132,31901,3
Mercedez Benz C class,73257,10893,7
BMW X5,108196,10000,7
Mercedez Benz C class,178982,10000,10
Audi A5,75945,10000,9
Audi A5,8323,40384,1
Mercedez Benz C class,115837,10000,7
Mercedez Benz C class,125966,10000,8
BMW X5,85175,10000,9
Audi A5,25522,27151,3
Audi A5,17188,28725,2
BMW X5,49529,22229,3
Mercedez Benz C class,66284,12296,5
Audi A5,92171,10000,6
Mercedez Benz C class,24217,27137,2
Mercedez Benz C class,86517,20736,5
Mercedez Benz C class,25930,23153,3
BMW X5,19849,37035,2
Mercedez Benz C class,43853,15118,4
BMW X5,173371,10000,10
Mercedez Benz C class,127320,10000,9
Mercedez Benz C class,58188,14753,4
Mercedez Benz C class,53350,17835,4
Mercedez Benz C class,122574,10000,8
BMW X5,27261,25119,2
BMW X5,25985,36510,2
Audi A5,87397,17851,6
Mercedez Benz C class,11577,37318,1
Audi A5,40553,24689,4
BMW X5,79079,10000,7
Mercedez Benz C class,33703,38736,2
BMW X5,16736,33087,1
Audi A5,65699,18675,5
BMW X5,17961,41122,2
Mercedez Benz C class,95377,10535,6
Mercedez Benz C class,13282,31575,1
Mercedez Benz C class,33332,38682,2
Audi A5,29144,27697,2
BMW X5,53281,20226,6
BMW X5,109241,10000,7
Audi A5,78218,10000,7
Audi A5,58095,16868,5
Audi A5,21827,34919,2
BMW X5,57684,18111,6
Mercedez Benz C class,60008,24033,4
Audi A5,13449,38800,1
Mercedez Benz C class,20737,40869,2
Audi A5,15323,43526,1
BMW X5,10370,44792,1
Mercedez Benz C class,100394,10000,9
Mercedez Benz C class,11831,33271,1
Mercedez Benz C class,88699,16319,5
Mercedez Benz C class,121380,10000,7
BMW X5,25078,33689,3
BMW X5,74660,11547,5
Audi A5,24228,26128,3
Audi A5,80850,10000,9
BMW X5,8462,33637,1
Mercedez Benz C class,67036,12181,4
Mercedez Benz C class,10725,30782,1
Mercedez Benz C class,91899,10000,8
BMW X5,67463,10000,7
Mercedez Benz C class,64414,15074,4
BMW X5,150783,10000,10
BMW X5,75543,11854,6
Audi A5,32959,34950,2
Mercedez Benz C class,108888,17503,7
Mercedez Benz C class,67134,10000,8
BMW X5,47260,23670,3
Mercedez Benz C class,55878,17530,4
BMW X5,24703,39889,2
Mercedez Benz C class,86844,22400,7
BMW X5,107407,10000,6
Mercedez Benz C class,65933,10000,8
Mercedez Benz C class,32846,17875,4
BMW X5,34992,32702,3
Mercedez Benz C class,44754,17783,4
Audi A5,38413,34382,3
Audi A5,109486,10000,9
BMW X5,8106,41916,1
Mercedez Benz C class,73756,10000,9
Audi A5,125669,10000,7
Mercedez Benz C class,104399,10000,7
Mercedez Benz C class,50329,21655,5
Mercedez Benz C class,75496,17034,5
Audi A5,34009,17969,4
Audi A5,48946,12290,6
BMW X5,28135,32949,3
Mercedez Benz C class,50013,27051,4
Audi A5,20668,28376,2
Mercedez Benz C class,108046,10000,9
Mercedez Benz C class,112824,16456,7
Audi A5,131222,10000,8
Mercedez Benz C class,27766,25423,3
Audi A5,65827,17423,4
BMW X5,64992,15681,4
Audi A5,62785,10000,7
Mercedez Benz C class,75292,17562,5
Audi A5,69517,10000,7
Mercedez Benz C class,50406,18393,3
Audi A5,68473,16571,6
Mercedez Benz C class,31189,36260,2
Audi A5,140026,10000,8
Mercedez Benz C class,66900,13707,5
BMW X5,52621,21272,4
Audi A5,80215,10000,9
Audi A5,71192,10115,7
BMW X5,74740,10398,7
BMW X5,134864,10000,9
Audi A5,79111,10000,5
Audi A5,75234,17388,5
Audi A5,59768,14390,7
Audi A5,33669,37569,3
Audi A5,12356,34190,1
BMW X5,66158,18153,5
BMW X5,45005,23361,5
Mercedez Benz C class,56448,19797,4
Mercedez Benz C class,102077,10000,6
Mercedez Benz C class,120525,10000,7
BMW X5,111263,10000,9
Audi A5,114699,10000,10
Mercedez Benz C class,15779,42699,1
BMW X5,48397,23802,3
Mercedez Benz C class,16857,31335,1
Mercedez Benz C class,51511,23586,6
Mercedez Benz C class,139602,10000,8
BMW X5,13699,30749,1
BMW X5,121293,10000,9
Audi A5,41410,29628,4
Mercedez Benz C class,118311,10000,9
Mercedez Benz C class,42069,24928,4
BMW X5,82925,20670,6
Audi A5,30171,33472,2
Audi A5,48325,24518,3
Mercedez Benz C class,84022,10000,9
BMW X5,114320,10000,10
Mercedez Benz C class,95305,10000,7
BMW X5,56138,10000,7
Audi A5,40308,10000,5
Audi A5,146334,10000,9
BMW X5,126987,10000,10
Audi A5,20402,31892,2
Mercedez Benz C class,101868,17077,6
Audi A5,73276,10000,9
Audi A5,49394,22700,4
Audi A5,50084,20607,4
Mercedez Benz C class,143853,10000,9
BMW X5,20172,32102,2
BMW X5,66228,23126,7
Audi A5,30874,28147,2
Audi A5,100723,18882,6
Audi A5,101896,10000,9
BMW X5,84224,19382,5
BMW X5,83504,10000,10
Audi A5,34591,40922,2
Mercedez Benz C class,75152,15684,5
Mercedez Benz C class,82141,14679,7
BMW X5,14863,37999,1
Audi A5,124202,10000,8
BMW X5,110117,10000,10
Mercedez Benz C class,91994,12441,8
Audi A5,67144,19206,5
Audi A5,56902,19473,7
Audi A5,98168,13321,9
Audi A5,19869,34737,2
Audi A5,56110,22946,4
Mercedez Benz C class,40025,13575,5
Audi A5,10853,42812,1
Mercedez Benz C class,39184,24132,3
BMW X5,121116,10000,10
BMW X5,34461,34293,2
Audi A5,132491,10000,8
Audi A5,87844,10000,7
Audi A5,36728,29069,3
Mercedez Benz C class,33550,33593,2
Mercedez Benz C class,15230,35914,1
Audi A5,66981,11334,5
BMW X5,51111,13022,5
BMW X5,44565,16688,5
BMW X5,84939,10000,10
Mercedez Benz C class,103861,15845,8
Audi A5,137108,10000,8
BMW X5,13679,33315,1
BMW X5,113364,10000,8
Audi A5,68160,19294,6
Mercedez Benz C class,13538,32132,1
Audi A5,25567,37263,2
Audi A5,95165,10000,9
Audi A5,18003,31907,2
Audi A5,109466,10000,10
Audi A5,25217,38178,2
Mercedez Benz C class,148390,10000,9
Mercedez Benz C class,69435,18298,4
Audi A5,96016,10000,8
Mercedez Benz C class,104655,10000,7
BMW X5,108140,10000,9
Mercedez Benz C class,40673,20092,5
BMW X5,125278,10000,9
Audi A5,92454,12487,7
Mercedez Benz C class,37790,23244,3
Audi A5,75256,20350,6
Audi A5,15947,40203,1
BMW X5,87688,10502,7
BMW X5,30998,30554,2
BMW X5,60906,21073,4
Mercedez Benz C class,33552,27432,4
Audi A5,93638,10000,7
Mercedez Benz C class,11717,33968,1
BMW X5,51370,30424,3
Mercedez Benz C class,57612,10000,6
Audi A5,18393,32312,2
Audi A5,52015,28136,4
Audi A5,83694,10000,7
Audi A5,92028,14442,6
Audi A5,142038,10000,8
Mercedez Benz C class,115157,10000,8
Audi A5,80771,10000,9
Mercedez Benz C class,74333,17169,5
BMW X5,51483,18658,6
Audi A5,75110,22909,5
Audi A5,100119,10000,8
Audi A5,76144,22579,5
Audi A5,9773,32538,1
BMW X5,68273,13021,4
Audi A5,55161,25326,5
BMW X5,38070,33829,3
Audi A5,14896,36957,1
Mercedez Benz C class,62655,17436,5
Mercedez Benz C class,114120,10000,9
Mercedez Benz C class,30620,28208,3
Audi A5,83876,22461,6
Audi A5,51871,17884,5
BMW X5,53838,30180,3
Mercedez Benz C class,129858,10000,9
Mercedez Benz C class,14536,42961,1
Mercedez Benz C class,28149,28748,3
BMW X5,83144,20293,7
Audi A5,51438,15390,5
Mercedez Benz C class,118554,10000,9
Mercedez Benz C class,52377,28048,3
Audi A5,38176,26453,4
Audi A5,53499,10000,6
Audi A5,12786,38740,1
Mercedez Benz C class,85319,10000,10
Mercedez Benz C class,37709,30611,4
BMW X5,9887,39306,1
Mercedez Benz C class,39505,24359,3
BMW X5,177318,10000,10
BMW X5,64838,10000,8
BMW X5,27999,30146,2
Mercedez Benz C class,60783,10000,6
BMW X5,35142,23270,3
Mercedez Benz C class,107168,10000,9
Audi A5,57352,11618,7
BMW X5,22300,30076,2
BMW X5,86658,17041,8
Mercedez Benz C class,88939,16856,5
Mercedez Benz C class,89974,10000,10
BMW X5,47857,24603,4
Mercedez Benz C class,77219,20546,5
Mercedez Benz C class,54007,17439,5
BMW X5,89625,10000,10
Audi A5,83855,10000,9
Mercedez Benz C class,85687,10000,6
Mercedez Benz C class,47324,21178,5
Audi A5,87253,10000,6
Mercedez Benz C class,146725,10000,9
BMW X5,73426,20555,6
Audi A5,89012,10206,6
Mercedez Benz C class,10262,38378,1
Mercedez Benz C class,77017,21981,5
Audi A5,39998,24865,4
BMW X5,140202,10000,10
Mercedez Benz C class,79653,22986,5
Audi A5,70620,10000,7
BMW X5,87189,10000,7
BMW X5,90414,10000,9
BMW X5,8980,35517,1
BMW X5,27452,36547,2
Mercedez Benz C class,68929,22767,4
Mercedez Benz C class,93624,10000,9
Audi A5,115049,10000,7
BMW X5,79528,14331,6
Mercedez Benz C class,44232,21089,4
Mercedez Benz C class,76922,10000,8
Mercedez Benz C class,101849,10000,10
Audi A5,124826,10000,10
Mercedez Benz C class,114040,10000,9
BMW X5,14415,44186,1
BMW X5,81424,16513,6
BMW X5,34620,20528,3
BMW X5,69991,29492,4
Mercedez Benz C class,69471,14527,4
Audi A5,86252,10855,6
Audi A5,17622,39939,1
Mercedez Benz C class,53681,12501,6
Mercedez Benz C class,128995,10000,8
Audi A5,81394,10000,7
Mercedez Benz C class,35616,25961,2
Audi A5,81297,10000,10
Mercedez Benz C class,26952,31889,2
Mercedez Benz C class,31986,35756,2
Audi A5,87823,10000,7
BMW X5,112038,10000,8
BMW X5,93048,10000,8
Audi A5,22443,31637,2
BMW X5,21089,26357,2
Audi A5,122610,10000,8
Mercedez Benz C class,22368,37216,2
Audi A5,113244,10000,10
BMW X5,96760,10000,9
Audi A5,148268,10000,9
BMW X5,12460,41059,1
Audi A5,116256,10000,7
BMW X5,35265,26472,4
BMW X5,103053,10000,10
Audi A5,125477,10000,9
Mercedez Benz C class,21121,28987,2
BMW X5,119841,11759,9
Mercedez Benz C class,84764,10000,6
Audi A5,108463,10000,8
BMW X5,138279,10000,9
BMW X5,56680,14983,5
BMW X5,34122,26353,2
Mercedez Benz C class,82097,11149,8
Audi A5,88720,10000,8
Mercedez Benz C class,11594,30646,1
Mercedez Benz C class,54026,26779,4
BMW X5,121865,10000,8
Mercedez Benz C class,132114,10000,8
Audi A5,127484,10000,8
BMW X5,101441,10000,8
BMW X5,176321,10000,10
Mercedez Benz C class,105550,10000,8
BMW X5,62351,16891,6
Mercedez Benz C class,16039,31790,1
Mercedez Benz C class,16291,43834,1
Mercedez Benz C class,29658,32843,3
BMW X5,30533,40789,2
Mercedez Benz C class,119393,17471,7
Audi A5,118121,10000,9
Mercedez Benz C class,107340,10000,8
Audi A5,19330,32375,2
Audi A5,15308,40773,1
Mercedez Benz C class,15239,35421,1
Audi A5,35467,22163,3
BMW X5,33471,24326,3
Mercedez Benz C class,50564,26387,3
BMW X5,104790,10000,6
Mercedez Benz C class,17664,31110,1
Mercedez Benz C class,12858,43596,1
BMW X5,14678,37113,1
BMW X5,108733,12978,8
BMW X5,161894,10000,10
Audi A5,123535,10000,7
Mercedez Benz C class,158059,10000,9
Audi A5,50738,19435,4
BMW X5,55920,15327,6
Mercedez Benz C class,39006,31908,3
Audi A5,82657,19211,5
BMW X5,71903,22599,4
Mercedez Benz C class,89961,18039,5
Audi A5,25597,24608,3
Audi A5,25045,35113,2
BMW X5,87642,14866,5
BMW X5,120939,10000,10
Mercedez Benz C class,17544,41368,1
Mercedez Benz C class,47363,29727,3
Audi A5,91627,10000,9
Mercedez Benz C class,148951,10000,9
Audi A5,55902,26240,4
BMW X5,98059,10000,7
Audi A5,80626,13537,5
Audi A5,26403,36169,2
Audi A5,57022,29349,4
Mercedez Benz C class,95415,10000,8
BMW X5,100607,18034,6
Audi A5,32895,27370,2
Mercedez Benz C class,112537,10000,10
Audi A5,84806,10000,10
BMW X5,51561,31346,3
Mercedez Benz C class,165994,10000,10
BMW X5,72863,10000,9
BMW X5,107239,13472,6
Mercedez Benz C class,50467,31998,3
Mercedez Benz C class,24370,22977,3
BMW X5,49996,18250,5
Audi A5,114949,10000,9
Audi A5,104784,10000,10
Mercedez Benz C class,52490,16856,5
BMW X5,112397,10000,8
Mercedez Benz C class,50937,25469,4
BMW X5,93444,18530,6
BMW X5,57826,26572,4
Mercedez Benz C class,81809,20784,5
Audi A5,25762,29935,3
Audi A5,93082,10000,9
Mercedez Benz C class,77378,22960,5
BMW X5,18969,30631,2
BMW X5,137858,10000,10
BMW X5,89427,10000,9
Mercedez Benz C class,37365,32993,4
BMW X5,106159,10088,7
BMW X5,12215,42877,1
Audi A5,33668,35171,2
BMW X5,61830,25620,4
BMW X5,111021,10000,8
Mercedez Benz C class,10833,39315,1
BMW X5,48114,20957,3
BMW X5,52648,23430,5
BMW X5,47439,17195,4
Audi A5,12088,36343,1
Mercedez Benz C class,112806,10000,9
Mercedez Benz C class,25060,35567,2
Mercedez Benz C class,38020,18009,4
Audi A5,11940,37669,1
Audi A5,18266,40142,2
Mercedez Benz C class,87183,10000,8
Mercedez Benz C class,120035,10000,7
BMW X5,102859,10000,10
BMW X5,89138,16895,8
Mercedez Benz C class,30780,34145,2
BMW X5,53336,33971,3
Audi A5,54479,22559,5
BMW X5,69977,10000,7
Mercedez Benz C class,99427,10000,9
BMW X5,89205,10000,10
BMW X5,74874,10000,7
Audi A5,82802,10000,10
BMW X5,109760,10000,8
Mercedez Benz C class,49842,17383,4
Audi A5,153371,10000,10
BMW X5,65563,13772,5
Audi A5,17257,29816,1
BMW X5,137569,10000,8
Audi A5,27224,30346,2
Mercedez Benz C class,61960,19908,4
Audi A5,47897,25292,4
BMW X5,48591,17857,3
BMW X5,33192,23764,4
Mercedez Benz C class,88055,10000,8
Audi A5,38111,24824,4
Audi A5,22219,32537,2
BMW X5,34234,34620,2
Mercedez Benz C class,34759,38085,2
Mercedez Benz C class,28795,38029,2
Mercedez Benz C class,29552,28121,3
BMW X5,37735,21907,3
BMW X5,103506,16013,6
BMW X5,94822,10000,7
Audi A5,104655,14060,6
Audi A5,38482,30706,3
Audi A5,43525,26503,4
BMW X5,70062,10000,7
Audi A5,87228,11653,5
Audi A5,34024,14305,4
BMW X5,43129,23296,4
BMW X5,75687,10000,8
Audi A5,148797,10000,9
Mercedez Benz C class,31560,32725,3
BMW X5,16123,42270,1
BMW X5,85902,10000,7
BMW X5,82183,10000,9
Audi A5,26875,29829,3
Mercedez Benz C class,90419,10000,8
Mercedez Benz C class,82400,16022,6
Mercedez Benz C class,128651,10000,10
Mercedez Benz C class,136461,14899,8
Mercedez Benz C class,115668,10000,9
Mercedez Benz C class,29125,32004,3
BMW X5,47489,30218,3
BMW X5,19371,33140,2
BMW X5,49279,14055,5
Mercedez Benz C class,12113,39175,1
BMW X5,100806,10000,8
Audi A5,81960,12072,5
BMW X5,62188,15250,5
BMW X5,69309,12418,4
Mercedez Benz C class,58789,19835,5
BMW X5,141850,10000,8
Audi A5,83151,10691,6
Mercedez Benz C class,12441,42757,1
BMW X5,66245,10000,8
BMW X5,71059,20151,4
Audi A5,64556,10000,4
Mercedez Benz C class,81177,10000,9
Mercedez Benz C class,79574,10000,7
Audi A5,31489,33079,3
Audi A5,82207,21116,5
BMW X5,148245,10000,9
BMW X5,12774,44789,1
BMW X5,84837,18201,5
Mercedez Benz C class,85899,10000,10
Mercedez Benz C class,13062,39770,1
Mercedez Benz C class,8690,34537,1
BMW X5,92603,10000,6
Audi A5,17074,33198,1
Audi A5,103593,10000,10
Mercedez Benz C class,57616,14926,5
Mercedez Benz C class,94857,10000,6
Audi A5,117826,10000,9
BMW X5,8691,36002,1
Mercedez Benz C class,57054,30163,4
Mercedez Benz C class,53396,21609,4
Audi A5,77382,15473,8
Mercedez Benz C class,84947,12278,5
BMW X5,17223,29179,2
BMW X5,51902,28905,5
Mercedez Benz C class,71679,14479,5
Audi A5,81365,10000,9
Audi A5,66560,17985,5
Audi A5,13300,38414,1
Mercedez Benz C class,15687,31255,1
BMW X5,51676,26249,4
BMW X5,12073,34753,1
Mercedez Benz C class,58037,24253,6
Mercedez Benz C class,15514,30805,1
Mercedez Benz C class,72145,19099,6
Mercedez Benz C class,50082,24290,5
BMW X5,16407,31531,2
BMW X5,177140,10000,10
Mercedez Benz C class,52765,22056,4
BMW X5,78126,14488,5
Audi A5,56899,17700,6
BMW X5,71340,10000,6
Audi A5,100918,14649,6
Audi A5,117009,10000,7
Mercedez Benz C class,118162,10000,7
Mercedez Benz C class,51525,13707,5
Audi A5,88009,14004,6
BMW X5,35950,29717,2
Mercedez Benz C class,11763,40890,1
Audi A5,158230,10000,10
Audi A5,165244,10000,10
Audi A5,58189,12050,7
Audi A5,77729,24869,5
Mercedez Benz C class,77299,15371,5
Audi A5,115256,10000,9
Audi A5,74882,10000,9
Audi A5,93596,23544,6
BMW X5,139463,10000,8
Mercedez Benz C class,115936,10000,8
BMW X5,76073,10000,5
BMW X5,62976,24665,4
BMW X5,21502,36376,2
BMW X5,42004,33407,3
BMW X5,57057,21312,5
Audi A5,35786,25291,2
Mercedez Benz C class,101138,15271,6
Mercedez Benz C class,120718,15658,7
Mercedez Benz C class,133385,10000,9
Mercedez Benz C class,14015,42507,1
BMW X5,101449,10000,7
Audi A5,105811,10000,9
Mercedez Benz C class,92119,10000,7
Audi A5,87654,10000,9
Mercedez Benz C class,20723,37230,2
Mercedez Benz C class,74200,17179,8
BMW X5,86744,10000,8
Mercedez Benz C class,10119,41262,1
Audi A5,70459,22751,5
BMW X5,117009,10000,10
Audi A5,21244,34092,2
Mercedez Benz C class,92172,10000,7
BMW X5,16185,31190,2
Audi A5,115752,12516,8
Audi A5,29742,24797,2
BMW X5,35506,39955,2
Audi A5,41282,28972,3
BMW X5,68162,21736,4
BMW X5,119851,10000,8
Audi A5,39737,31348,4
Mercedez Benz C class,25677,20796,3
BMW X5,70024,10000,8
BMW X5,80089,10000,5
BMW X5,119018,10000,8
Mercedez Benz C class,15538,38564,1
Mercedez Benz C class,54151,20128,5
Mercedez Benz C class,77551,17006,5
BMW X5,43008,29193,5
BMW X5,120074,10000,8
Mercedez Benz C class,25265,33300,2
Mercedez Benz C class,118511,10000,8
Audi A5,8106,30651,1
Audi A5,53603,31568,4
Mercedez Benz C class,117872,10000,9
Mercedez Benz C class,82451,14176,5
Mercedez Benz C class,15769,38967,1
Mercedez Benz C class,178080,10000,10
Audi A5,11238,45768,1
BMW X5,106772,10000,9
BMW X5,53444,20803,6
Mercedez Benz C class,71512,10000,7
Mercedez Benz C class,139851,10000,9
BMW X5,25601,38073,3
Audi A5,8558,44513,1
Audi A5,20168,29739,2
BMW X5,11928,42220,1
BMW X5,16388,40055,2
BMW X5,111476,12991,8
BMW X5,126296,10000,9
BMW X5,50794,27398,5
Mercedez Benz C class,91262,16228,7
Mercedez Benz C class,75857,14178,6
Audi A5,9134,43085,1
Mercedez Benz C class,87206,14372,7
Mercedez Benz C class,60382,13784,7
BMW X5,27465,28057,3
Audi A5,48447,19434,4
Audi A5,58546,16110,5
Mercedez Benz C class,8367,35268,1
Mercedez Benz C class,67089,26277,4
Mercedez Benz C class,19882,37422,2
BMW X5,65830,25736,5
Mercedez Benz C class,60390,22202,5
BMW X5,50928,20607,4
Audi A5,97650,17909,6
Audi A5,15294,31286,1
BMW X5,24070,36079,2
Audi A5,102176,10000,9
Audi A5,83933,13400,6
Mercedez Benz C class,51655,29006,4
Audi A5,98094,11898,7
Mercedez Benz C class,20145,31266,2
Mercedez Benz C class,51548,28427,3
BMW X5,29840,31340,2
Audi A5,45495,36448,3
BMW X5,69373,22964,4
Mercedez Benz C class,24902,33184,2
Audi A5,13665,33827,1
Audi A5,27814,28279,2
Audi A5,12389,42858,1
Mercedez Benz C class,76628,10000,7
Mercedez Benz C class,24288,30336,2
BMW X5,107225,12268,6
Mercedez Benz C class,172001,10000,10
BMW X5,124792,10000,10
Mercedez Benz C class,39878,29355,3
Audi A5,143869,10000,9
Mercedez Benz C class,54268,27486,4
Audi A5,94928,12577,7
BMW X5,47466,20457,4
Audi A5,121231,10000,8
BMW X5,54918,17579,5
Mercedez Benz C class,77121,23504,5
Mercedez Benz C class,105175,14755,6
Audi A5,8744,42703,1
Audi A5,90516,10145,6
BMW X5,55872,21830,4
Mercedez Benz C class,21352,29385,2
Mercedez Benz C class,59250,28903,5
Audi A5,32732,23803,4
Mercedez Benz C class,54480,24933,5
BMW X5,12097,43108,1
Mercedez Benz C class,112658,13030,7
BMW X5,25379,35594,2
Mercedez Benz C class,76815,10000,8
Audi A5,64054,17771,5
BMW X5,54618,14883,4
Audi A5,93389,14279,6
BMW X5,64686,28025,4
Audi A5,141680,10000,8
Audi A5,158422,10000,10
BMW X5,33590,32348,4
BMW X5,69474,18500,5
Audi A5,75416,20791,7
BMW X5,29082,27669,2
BMW X5,42589,19822,3
Audi A5,34814,28099,3
Audi A5,17621,38100,1
Mercedez Benz C class,71615,20667,6
BMW X5,34315,37520,2
Audi A5,59322,16118,6
BMW X5,87394,10000,10
Audi A5,44534,23034,3
BMW X5,100954,10000,8
Mercedez Benz C class,91404,17634,6
BMW X5,62491,19382,4
Audi A5,138219,10000,9
BMW X5,124370,10000,9
BMW X5,50861,19144,4
Mercedez Benz C class,53717,35066,3
Audi A5,14553,30397,1
Mercedez Benz C class,33751,27125,4
BMW X5,68678,10000,7
Mercedez Benz C class,97043,12307,7
Mercedez Benz C class,95061,11737,6
BMW X5,118043,10601,8
Audi A5,31908,33895,2
BMW X5,43684,31398,3
Audi A5,21568,38091,2
Mercedez Benz C class,83037,14544,8
Mercedez Benz C class,86560,12065,7
Audi A5,23871,30317,2
Mercedez Benz C class,36457,23153,4
BMW X5,52026,22673,4
Mercedez Benz C class,117010,10000,7
Audi A5,14674,43082,1
Audi A5,10546,34073,1
BMW X5,106367,10000,6
BMW X5,16683,39643,2
Mercedez Benz C class,103241,17454,6
Mercedez Benz C class,9059,43488,1
BMW X5,49650,14985,6
Audi A5,66382,10000,7
Audi A5,134130,10000,8
Audi A5,36379,31478,3
Mercedez Benz C class,151627,10000,10
BMW X5,97076,13687,6
Audi A5,17982,32862,1
Audi A5,30939,24082,2
Mercedez Benz C class,23274,38451,2
BMW X5,41383,19814,4
BMW X5,50161,31037,3
Mercedez Benz C class,149686,10000,10
Mercedez Benz C class,29589,35897,2
Audi A5,71460,23139,5
Mercedez Benz C class,20861,29484,2
Audi A5,41716,31052,4
Audi A5,46643,20750,3
Audi A5,77537,10000,8
Mercedez Benz C class,42758,21128,5
Audi A5,95625,10000,10
Audi A5,51459,29690,3
Mercedez Benz C class,69214,21205,4
Audi A5,35388,26981,3
Audi A5,140983,10000,9
Mercedez Benz C class,76676,10000,9
Audi A5,124614,10000,8
BMW X5,40482,26716,4
BMW X5,88865,10000,8
BMW X5,85145,10000,7
Audi A5,82664,10000,10
BMW X5,81330,25107,6
BMW X5,123511,10000,8
Mercedez Benz C class,93155,10000,6
Audi A5,152784,10000,10
Mercedez Benz C class,75069,10000,7
Audi A5,15888,41066,1
BMW X5,21591,33851,2
Mercedez Benz C class,95057,11438,6
BMW X5,80580,10000,9
Audi A5,85763,10000,10
Mercedez Benz C class,51893,21882,4
Audi A5,26808,32417,2
BMW X5,103639,10000,7
Audi A5,70529,10000,8
BMW X5,117317,10000,7
Audi A5,28198,31040,2
Mercedez Benz C class,105545,10000,7
BMW X5,93703,16097,7
BMW X5,154569,10000,9
Audi A5,148448,10000,9
BMW X5,33652,23617,3
BMW X5,123125,10000,8
BMW X5,46485,18920,5
Mercedez Benz C class,83759,10000,8
BMW X5,14071,37393,1
Audi A5,94116,10000,9
BMW X5,11742,44638,1
Audi A5,74719,10000,7
Mercedez Benz C class,84405,10000,9
Mercedez Benz C class,125735,10000,9
BMW X5,115102,10000,10
BMW X5,22123,26166,2
BMW X5,157478,10000,9
BMW X5,87376,12955,7
BMW X5,143057,10000,8
Audi A5,35911,33434,3
Mercedez Benz C class,39777,30432,4
BMW X5,127271,10000,10
Mercedez Benz C class,65382,10000,6
BMW X5,43211,24927,3
Audi A5,130830,10000,9
Mercedez Benz C class,21937,31702,2
BMW X5,9794,44362,1
Mercedez Benz C class,61370,17496,4
Audi A5,85704,10000,10
Audi A5,16574,32558,1
BMW X5,72547,14158,5
Mercedez Benz C class,105513,11280,6
Audi A5,112733,10000,8
BMW X5,56092,17971,7
BMW X5,53826,29797,3
BMW X5,53883,29925,3
BMW X5,90579,10000,7
BMW X5,116389,10000,9
Audi A5,54981,25219,5
Mercedez Benz C class,11748,37885,1
BMW X5,72407,14058,5
BMW X5,101713,23722,6
Audi A5,79046,22150,5
Mercedez Benz C class,66273,25906,5
Audi A5,18245,25889,2
BMW X5,83134,10000,9
Mercedez Benz C class,49833,15227,4
Mercedez Benz C class,107008,10000,10
Audi A5,110155,16919,7
BMW X5,101647,10000,8
BMW X5,73393,17280,5
BMW X5,27248,28336,2
Mercedez Benz C class,17459,37788,1
BMW X5,32963,33196,4
Mercedez Benz C class,10365,37932,1
Mercedez Benz C class,14453,32300,1
BMW X5,71282,29667,4
BMW X5,41973,21549,4
BMW X5,99942,10000,9
BMW X5,8370,30951,1
Mercedez Benz C class,97450,10000,9
BMW X5,69314,21741,5
Audi A5,16085,41433,1
Audi A5,86957,10000,9
Audi A5,43427,25552,4
Audi A5,30892,25370,3
Mercedez Benz C class,50748,10000,6
Mercedez Benz C class,11299,40815,1
BMW X5,60356,24360,4
BMW X5,155966,10000,10
BMW X5,71781,16698,5
BMW X5,94277,16049,7
BMW X5,11473,37316,1
Mercedez Benz C class,71920,20130,5
BMW X5,15997,38002,1
Audi A5,163470,10000,10
BMW X5,74408,19363,5
Audi A5,45347,33172,4
Mercedez Benz C class,102016,10000,9
BMW X5,106368,10000,9
Audi A5,30712,36422,2
Mercedez Benz C class,18397,28045,2
Mercedez Benz C class,29682,36094,2
Audi A5,107132,14121,6
Audi A5,68237,10000,7
Mercedez Benz C class,52793,30192,3
BMW X5,24185,34718,2
Audi A5,120110,10000,9
Audi A5,89453,13290,7
Audi A5,63738,23302,7
BMW X5,22266,28807,2
BMW X5,23777,28474,2
Audi A5,86208,10000,10
Audi A5,62332,22878,4
Audi A5,75010,12094,7
BMW X5,140493,10000,9
Mercedez Benz C class,53948,27740,3
Mercedez Benz C class,138151,10000,9
BMW X5,32372,29275,3
BMW X5,140339,10000,10
BMW X5,64509,26429,4
Mercedez Benz C class,64506,26637,4
Audi A5,27254,38146,2
Mercedez Benz C class,82461,10000,7
BMW X5,121447,11375,7
Mercedez Benz C class,24247,28094,3
Mercedez Benz C class,45056,25561,3
Mercedez Benz C class,12178,42558,1
Audi A5,67787,22170,4
BMW X5,75650,18040,5
Mercedez Benz C class,140514,10000,9
Mercedez Benz C class,121821,10000,8
Mercedez Benz C class,73985,19508,5
Audi A5,108047,10000,8
Audi A5,70627,16036,4
Audi A5,84732,10000,10
BMW X5,108328,10000,8
Mercedez Benz C class,63202,20472,4
Audi A5,25674,20932,3
Mercedez Benz C class,53949,10000,6
BMW X5,27881,33632,2
BMW X5,133635,10000,10
Mercedez Benz C class,34837,27986,2
Mercedez Benz C class,20516,28027,2
Mercedez Benz C class,91254,10000,6
BMW X5,98716,21319,6
BMW X5,69460,21210,5
Mercedez Benz C class,159371,10000,10
Mercedez Benz C class,88545,16919,6
BMW X5,92519,10000,7
BMW X5,13496,43000,1
Mercedez Benz C class,38103,29738,3
Audi A5,69453,10000,8
BMW X5,15212,31189,1
Audi A5,83802,10000,9
BMW X5,17420,42895,1
BMW X5,9383,43507,1
Audi A5,16586,38623,1
Audi A5,30679,30296,2
Audi A5,13468,35566,1
Audi A5,26284,31087,2
BMW X5,58111,27172,4
Mercedez Benz C class,32996,31541,3
BMW X5,149371,10000,9
Mercedez Benz C class,28930,27124,3
BMW X5,55923,14724,4
Audi A5,66262,15190,8
BMW X5,63286,11204,6
BMW X5,138211,10000,10
Mercedez Benz C class,39523,26685,4
Mercedez Benz C class,179376,10000,10
BMW X5,99401,10000,7
Audi A5,16127,35496,2
Mercedez Benz C class,103863,10000,10
Mercedez Benz C class,118793,10000,7
BMW X5,139572,10000,8
Audi A5,153719,10000,9
Audi A5,37490,21083,4
BMW X5,89927,10000,6
Mercedez Benz C class,84577,10000,8
BMW X5,100469,10000,10
Audi A5,47465,26743,3
Audi A5,142309,10000,9
Audi A5,69120,10000,7
BMW X5,61769,10000,7
Audi A5,75421,17630,5
BMW X5,64497,10397,8
BMW X5,74236,10000,6
Audi A5,105982,10000,6
BMW X5,52198,13955,4
Mercedez Benz C class,37501,35336,3
BMW X5,116675,10000,8
Mercedez Benz C class,68761,13875,6
Audi A5,20203,36249,2
Mercedez Benz C class,50488,18511,6
Mercedez Benz C class,58481,18986,4
Mercedez Benz C class,125403,10000,10
Audi A5,107257,10000,8
Audi A5,111627,10000,7
Mercedez Benz C class,72313,16374,6
Audi A5,124688,10000,8
Audi A5,15535,39522,1
Audi A5,119006,14130,7
BMW X5,109650,10000,7
Audi A5,13180,35466,1
Mercedez Benz C class,70668,15903,4
Audi A5,80467,13969,6
Mercedez Benz C class,37366,22542,3
Audi A5,42364,17927,4
BMW X5,69745,10000,6
BMW X5,35697,26715,2
BMW X5,98829,10000,9
Mercedez Benz C class,57261,15072,6
Mercedez Benz C class,81854,10000,8
Audi A5,56823,24910,4
Audi A5,127298,10000,8
BMW X5,139932,13290,8
Audi A5,24636,29387,2
BMW X5,98564,10000,7
Audi A5,71810,15633,4
Mercedez Benz C class,47900,26569,3
Audi A5,63599,23228,4
Audi A5,137909,10000,9
Audi A5,52378,24206,3
BMW X5,62927,18329,7
Mercedez Benz C class,103719,10000,8
Audi A5,29643,31108,3
BMW X5,131607,15169,8
Mercedez Benz C class,170121,10000,10
BMW X5,104711,10000,7
Mercedez Benz C class,69740,10000,8
BMW X5,104515,10000,6
Audi A5,56043,22655,5
Mercedez Benz C class,37599,32991,3
Audi A5,22242,35530,2
Audi A5,8068,39542,1
Mercedez Benz C class,130432,10000,9
BMW X5,106398,10000,9
Mercedez Benz C class,50451,24935,4
Mercedez Benz C class,92087,10000,8
Audi A5,107106,10000,7
Mercedez Benz C class,130042,17784,8
Mercedez Benz C class,118059,10000,9
BMW X5,49205,28608,4
Mercedez Benz C class,127583,10000,9
Mercedez Benz C class,109803,10000,8
Audi A5,46033,19889,3
Mercedez Benz C class,30919,33301,3
Mercedez Benz C class,57770,19496,6
Audi A5,70815,11856,5
BMW X5,69825,18570,4
Audi A5,102103,10000,10
Audi A5,62876,20699,5
Audi A5,9811,30755,1
Mercedez Benz C class,93856,12710,6
Audi A5,53783,29423,3
BMW X5,57963,23933,4
BMW X5,77298,10000,9
Mercedez Benz C class,122829,10000,8
BMW X5,80018,10000,8
BMW X5,90360,10000,8
Mercedez Benz C class,43712,21697,3
BMW X5,76418,19190,7
Audi A5,24518,24782,2
BMW X5,136248,10000,10
Mercedez Benz C class,138428,10000,9
BMW X5,153867,10000,9
BMW X5,63294,18078,6
Audi A5,63689,17125,6
BMW X5,75603,11076,6
BMW X5,65362,14089,7
BMW X5,43473,24444,4
Mercedez Benz C class,77937,11607,6
Mercedez Benz C class,82759,10000,7
BMW X5,168178,10000,10
Mercedez Benz C class,81508,22305,5
Audi A5,15562,30539,1
Mercedez Benz C class,155111,10000,9
Audi A5,162643,10000,10
Mercedez Benz C class,50305,21162,3
Audi A5,104970,10000,7
BMW X5,16681,40256,1
Audi A5,72822,10000,7
Mercedez Benz C class,132336,10000,10
Audi A5,74490,11927,5
Audi A5,44251,24715,3
Mercedez Benz C class,27048,30007,3
Mercedez Benz C class,77746,10000,9
Audi A5,81076,10000,10
Audi A5,61936,10000,7
Mercedez Benz C class,11651,45066,1
BMW X5,67590,29154,5
Audi A5,161038,10000,9
Mercedez Benz C class,13551,38332,1
Mercedez Benz C class,159552,10000,9
Mercedez Benz C class,14036,43371,1
Mercedez Benz C class,31673,32023,3
BMW X5,90118,13421,6
Mercedez Benz C class,94540,10000,10
Mercedez Benz C class,79544,14519,5
Audi A5,104258,10000,6
BMW X5,59795,10961,7
BMW X5,9830,40846,1
Mercedez Benz C class,75930,10000,5
BMW X5,16504,27058,2
BMW X5,39869,29264,3
BMW X5,8417,40488,1
Mercedez Benz C class,103315,10000,8
Mercedez Benz C class,46671,34557,3
Audi A5,60068,21505,7
Mercedez Benz C class,137194,10000,8
BMW X5,74790,20652,5
Audi A5,153274,10000,10
BMW X5,16744,26780,2
Mercedez Benz C class,36067,29117,4
Mercedez Benz C class,13196,44888,1
Audi A5,24165,26990,2
Audi A5,12604,32780,1
Audi A5,22891,37947,2
Mercedez Benz C class,67103,19939,5
Audi A5,66315,10000,8
BMW X5,102764,10000,8
Audi A5,132481,10000,9
Mercedez Benz C class,160955,10000,9
Audi A5,127387,10000,9
Audi A5,124539,10000,9
Audi A5,41300,22785,5
Audi A5,50072,20972,4
BMW X5,26729,37899,2
Audi A5,104047,10000,7
Audi A5,167743,10000,10
Audi A5,8908,39342,1
Mercedez Benz C class,51625,10000,6
BMW X5,151009,10000,9
Mercedez Benz C class,128601,10000,10
Mercedez Benz C class,50488,25062,5
BMW X5,45319,15885,5
Audi A5,77891,14655,6
BMW X5,82121,10000,7
Mercedez Benz C class,81200,20137,6
Mercedez Benz C class,57490,17916,4
Audi A5,88643,14838,5
Mercedez Benz C class,65107,19637,7
Audi A5,30796,29226,3
Audi A5,157814,10000,10
Audi A5,96760,10925,6
Mercedez Benz C class,8419,38222,1
Mercedez Benz C class,30319,27589,2
Audi A5,8692,31126,1
Mercedez Benz C class,148268,10000,10
Audi A5,21559,26843,2
Audi A5,81011,16746,8
Audi A5,86351,10000,7
Mercedez Benz C class,96172,16936,7
Mercedez Benz C class,174987,10000,10
Audi A5,91090,10000,9
BMW X5,86195,10000,9
BMW X5,50201,31692,3
Mercedez Benz C class,33756,26457,3
Mercedez Benz C class,83608,10298,6
BMW X5,12702,37122,1
Mercedez Benz C class,16679,43186,1
Audi A5,11082,33140,1
BMW X5,54060,11771,4
Audi A5,16060,42602,1
Mercedez Benz C class,54536,16367,6
Audi A5,99338,10000,8
Mercedez Benz C class,121152,10000,9
Audi A5,107323,10000,9
Audi A5,34986,32571,2
Mercedez Benz C class,78501,10000,5
BMW X5,25911,33764,3
Audi A5,44695,15497,5
Audi A5,47368,23680,4
Mercedez Benz C class,50300,19576,5
Mercedez Benz C class,49899,26386,3
Audi A5,116173,10000,9
BMW X5,116275,10000,10
Mercedez Benz C class,112522,10000,7
Audi A5,22627,37397,2
Mercedez Benz C class,30548,31319,3
Audi A5,51062,14597,4
Mercedez Benz C class,39290,21952,4
BMW X5,94891,10362,7
Audi A5,93345,13194,6
BMW X5,62768,10000,5
Audi A5,42277,29014,3
Audi A5,31267,37543,2
Mercedez Benz C class,32420,36982,2
Audi A5,84702,10000,8
BMW X5,34169,34653,2
Mercedez Benz C class,78267,18661,7
Mercedez Benz C class,86257,10000,9
Mercedez Benz C class,66815,13070,5
Audi A5,133496,10000,8
BMW X5,29471,36954,2
Mercedez Benz C class,32661,30601,2
BMW X5,124559,10000,8
BMW X5,32668,29546,4
BMW X5,73602,17873,6
Mercedez Benz C class,10545,31974,1
BMW X5,82607,10000,8
Mercedez Benz C class,103365,10000,9
Mercedez Benz C class,85645,16496,5
Mercedez Benz C class,66907,10000,5
Mercedez Benz C class,30928,21295,3
BMW X5,26650,27540,2
Audi A5,111295,10000,9
BMW X5,34998,22527,3
Mercedez Benz C class,66259,15501,7
BMW X5,81773,14227,7
Audi A5,52220,22364,5
Audi A5,53967,20081,6
Audi A5,105488,10000,8
BMW X5,104031,10000,10
Audi A5,56426,14530,5
Audi A5,64545,20852,4
BMW X5,38503,31715,3
BMW X5,106418,10000,7
Mercedez Benz C class,86272,10000,7
Audi A5,102470,10000,9
BMW X5,155702,10000,9
BMW X5,137123,10000,8
Audi A5,97892,10000,7
Mercedez Benz C class,90414,10000,10
Mercedez Benz C class,18453,27484,2
BMW X5,91625,10000,9
Audi A5,33981,30834,2
Mercedez Benz C class,65863,22058,7
Mercedez Benz C class,44704,18515,4
Mercedez Benz C class,16846,45834,1
Audi A5,45576,24314,5
Audi A5,16869,34206,1
BMW X5,75329,25081,5
Audi A5,34459,38944,2
Audi A5,15615,42276,1
BMW X5,49563,31812,3
BMW X5,17134,29751,1
Mercedez Benz C class,88934,19279,6
Audi A5,33178,27511,2
Mercedez Benz C class,99922,10000,9
Mercedez Benz C class,68061,21388,7
BMW X5,82870,10000,5
Audi A5,40908,15447,4
BMW X5,17453,42033,1
Mercedez Benz C class,86915,13201,5
Mercedez Benz C class,106358,10000,9
Audi A5,35713,28491,3
Mercedez Benz C class,124894,16537,7
Mercedez Benz C class,38485,27319,3
BMW X5,105384,10000,8
BMW X5,101960,10000,10
BMW X5,17351,41753,1
Mercedez Benz C class,40761,32279,3
BMW X5,16559,34473,1
Mercedez Benz C class,79965,15894,6
BMW X5,156702,10000,10
Audi A5,50243,30435,3
Mercedez Benz C class,28821,29569,3
BMW X5,81337,10000,7
Audi A5,25692,28857,2
Mercedez Benz C class,58440,18143,4
Audi A5,57950,29614,4
Audi A5,144089,10000,9
BMW X5,122170,10000,7
Mercedez Benz C class,100970,10827,8
Mercedez Benz C class,33355,31474,2
BMW X5,50173,32380,3
Audi A5,13796,35422,1
Audi A5,149851,10000,9
BMW X5,11295,30337,1
Audi A5,94397,12585,8
BMW X5,16903,44083,1
Mercedez Benz C class,32801,32931,2
Mercedez Benz C class,18541,34215,2
BMW X5,27976,38487,2
Audi A5,114521,10000,9
BMW X5,50545,17723,6
Audi A5,120792,10000,7
BMW X5,107560,10000,6
BMW X5,69210,13981,5
Audi A5,105188,10000,8
Audi A5,57969,16473,5
Mercedez Benz C class,44300,24210,5
BMW X5,64187,10000,8
Audi A5,32660,24961,3
Audi A5,156166,10000,9
BMW X5,97717,10000,9
BMW X5,11535,35295,1
Mercedez Benz C class,27718,28463,2
Audi A5,51434,10000,6
BMW X5,9704,42747,1
Mercedez Benz C class,122398,11494,7
BMW X5,16999,40951,1
BMW X5,13762,32283,1
Audi A5,34867,23585,2
Audi A5,11541,44659,1
Audi A5,31906,23212,3
Mercedez Benz C class,72959,16704,5
Audi A5,10097,44618,1
Audi A5,56019,24213,5
Audi A5,99856,10000,8
BMW X5,25424,23968,3
Audi A5,119677,10000,10
Mercedez Benz C class,115396,10000,8
Audi A5,80139,18156,5
BMW X5,141084,10000,8
Audi A5,70317,12275,7
Audi A5,64276,10000,7
Audi A5,38765,24983,3
Mercedez Benz C class,17456,40835,1
BMW X5,150925,14466,9
Mercedez Benz C class,63947,17859,4
Mercedez Benz C class,104753,10000,10
Mercedez Benz C class,138836,10000,9
BMW X5,142591,10000,8
Audi A5,173779,10000,10
Mercedez Benz C class,29263,28735,2
Mercedez Benz C class,24702,33192,3
BMW X5,116495,10000,8
BMW X5,73949,10000,8
BMW X5,26767,26456,3
Mercedez Benz C class,114330,10000,9
Mercedez Benz C class,56991,13921,5
Mercedez Benz C class,103744,10000,10
Mercedez Benz C class,23563,35087,2
Audi A5,64436,25741,4
Audi A5,80610,21209,6
BMW X5,95733,10000,9
Audi A5,134202,10000,9
Audi A5,23805,28569,2
Audi A5,106240,10000,9
Mercedez Benz C class,47241,32292,3
BMW X5,99331,10000,6
Mercedez Benz C class,16948,34715,2
Audi A5,147832,10000,10
Mercedez Benz C class,117590,10000,7
Mercedez Benz C class,85209,14305,5
Mercedez Benz C class,22280,36019,2
Audi A5,174072,10000,10
Mercedez Benz C class,72002,14613,5
BMW X5,138690,10000,8
Audi A5,22477,38324,2
BMW X5,11053,36142,1
BMW X5,15878,45247,1
BMW X5,21670,27656,2
Mercedez Benz C class,151151,10000,9
BMW X5,107109,12584,6
BMW X5,34551,25613,2
Audi A5,98692,10000,7
Audi A5,9780,32840,1
Mercedez Benz C class,50690,25016,3
Audi A5,93898,10000,10
Audi A5,105977,10000,8
Audi A5,85046,10000,8
Audi A5,53220,25005,3
BMW X5,135119,10000,9
Mercedez Benz C class,152830,10000,9
BMW X5,79186,19729,6
BMW X5,8462,36343,1
BMW X5,108345,10000,7
Audi A5,8318,43491,1
Audi A5,109536,10000,9
Mercedez Benz C class,122640,10448,7
Mercedez Benz C class,133526,10000,9
Mercedez Benz C class,133680,10000,8
BMW X5,24974,29115,3
Mercedez Benz C class,71545,16006,4
Audi A5,19280,32702,2
BMW X5,71238,19304,7
Audi A5,110496,10000,10
Audi A5,67303,26623,4
BMW X5,12647,35694,1
Audi A5,57449,18123,5
Audi A5,134929,10000,9
Mercedez Benz C class,120943,10000,8
Audi A5,80444,15970,8
Audi A5,49900,30054,3
BMW X5,17880,36895,1
BMW X5,60799,16961,6
BMW X5,15862,43949,1
Mercedez Benz C class,19942,27725,2
Audi A5,44459,22431,3
BMW X5,163652,10000,10
BMW X5,60551,11743,6
BMW X5,20585,37903,2
Audi A5,50851,28664,4
BMW X5,115353,11315,8
BMW X5,80417,10399,7
BMW X5,85278,11542,5
Audi A5,56678,19443,4
Audi A5,171435,10000,10
BMW X5,24643,25475,3
Mercedez Benz C class,59128,24154,5
Mercedez Benz C class,46696,28986,5
Audi A5,105280,10000,7
BMW X5,95988,16879,7
BMW X5,9045,39657,1
Mercedez Benz C class,80421,10000,8
Mercedez Benz C class,86325,10000,10
Mercedez Benz C class,126286,10000,10
Mercedez Benz C class,69518,14342,8
Mercedez Benz C class,10180,39076,1
Mercedez Benz C class,143190,10000,10
Audi A5,60125,12996,5
BMW X5,97838,10000,10
BMW X5,21000,31482,2
BMW X5,82629,10000,5
BMW X5,89050,10060,9
BMW X5,46238,30284,3
Mercedez Benz C class,14669,38820,1
Audi A5,101555,10000,10
Audi A5,89440,10000,10
Audi A5,19780,34067,2
BMW X5,161815,10000,10
BMW X5,120090,10000,8
Mercedez Benz C class,57579,10000,7
Audi A5,28971,36029,3
Mercedez Benz C class,8277,40644,1
BMW X5,94986,10000,7
Audi A5,79099,10000,8
BMW X5,28671,32809,3
Audi A5,71576,15209,4
BMW X5,75769,10676,6
Audi A5,110323,10000,9
BMW X5,61634,25218,4
Mercedez Benz C class,61602,24920,4
Mercedez Benz C class,8320,40200,1
BMW X5,102292,10000,6
Audi A5,174434,10000,10
Audi A5,78425,13700,7
Audi A5,41522,31976,3
Mercedez Benz C class,78316,16992,5
Audi A5,57927,16694,4
BMW X5,70480,27480,4
Mercedez Benz C class,35989,20493,3
Mercedez Benz C class,13865,36551,1
Mercedez Benz C class,74809,10000,9
Audi A5,46476,29424,3
BMW X5,73044,10000,8
BMW X5,77226,10000,7
Mercedez Benz C class,115216,10000,8
Mercedez Benz C class,153953,10000,10
BMW X5,122848,10000,7
Mercedez Benz C class,134166,10000,9
Mercedez Benz C class,38206,26968,3
Mercedez Benz C class,54597,20619,5
Mercedez Benz C class,147346,10000,9
Audi A5,127446,10000,8
Mercedez Benz C class,23365,27031,2
BMW X5,23726,38075,2
Mercedez Benz C class,49950,27313,4
Mercedez Benz C class,75929,12380,6
Mercedez Benz C class,18051,37175,2
Mercedez Benz C class,49362,28284,3
Mercedez Benz C class,166646,10000,10
Mercedez Benz C class,161394,10000,9
BMW X5,102266,13438,7
BMW X5,18212,26655,2
Audi A5,16484,39152,1
Audi A5,106193,10000,7
BMW X5,78656,10000,8
BMW X5,83515,12552,6
Audi A5,103509,10000,10
Audi A5,22887,29922,2
Audi A5,48136,14208,6
Mercedez Benz C class,84140,23350,5
Audi A5,32716,27498,2
Mercedez Benz C class,104406,10000,7
Audi A5,26640,38854,2
BMW X5,56136,13871,5
Audi A5,66897,13512,6
Mercedez Benz C class,59684,28282,5
Audi A5,62744,15262,5
Audi A5,77820,10000,9
Audi A5,89226,10000,6
Audi A5,8652,36338,1
Mercedez Benz C class,116290,10000,9
Mercedez Benz C class,28118,33106,2
BMW X5,84223,12096,6
Audi A5,34400,31253,3
BMW X5,99021,10000,9
BMW X5,113960,13580,7
Mercedez Benz C class,161838,10000,10
Mercedez Benz C class,11815,29983,1
Mercedez Benz C class,159201,10000,10
BMW X5,62133,14044,6
Mercedez Benz C class,66294,18508,6
Audi A5,94216,11327,6
BMW X5,108846,10000,8
Mercedez Benz C class,43971,16628,4
Mercedez Benz C class,70885,10000,7
BMW X5,125858,10000,8
BMW X5,34244,25302,4
Audi A5,13052,30258,1
Mercedez Benz C class,154565,10000,9
Audi A5,71399,24863,4
Mercedez Benz C class,51387,26559,4
Mercedez Benz C class,15793,40875,1
Mercedez Benz C class,47597,10752,5
BMW X5,42234,23010,5
Audi A5,114086,10000,8
Audi A5,14733,43667,1
Audi A5,67244,19521,7
Mercedez Benz C class,104998,12302,8
Mercedez Benz C class,96045,10000,7
BMW X5,69272,10000,7
BMW X5,37312,33766,4
Audi A5,100767,10000,6
BMW X5,106040,10000,6
Mercedez Benz C class,162669,10000,10
BMW X5,103715,11414,7
Mercedez Benz C class,53316,19260,4
Mercedez Benz C class,111818,10000,9
Audi A5,9428,32854,1
Audi A5,20874,31828,2
BMW X5,35678,32187,3
Audi A5,111437,10000,9
BMW X5,51073,29784,3
Mercedez Benz C class,61154,25556,4
Audi A5,91554,10000,10
BMW X5,99942,11379,6
BMW X5,98167,10000,10
Mercedez Benz C class,34085,37469,2
BMW X5,81438,27904,5
Audi A5,44236,23723,4
Audi A5,78496,11167,7
Audi A5,79643,15735,7
BMW X5,104781,10000,8
Audi A5,134694,10000,8
Mercedez Benz C class,84425,23052,5
Mercedez Benz C class,115271,10000,7
BMW X5,105093,14667,6
Mercedez Benz C class,15861,43752,1
Audi A5,110979,10000,10
Audi A5,8583,37612,1
Audi A5,120672,10000,7
Audi A5,108322,10000,10
Mercedez Benz C class,129426,10000,8
Audi A5,80582,10000,10
Audi A5,101940,10000,10
Audi A5,74087,12377,5
BMW X5,94127,15203,6
Audi A5,105900,24924,6
Audi A5,106761,10000,7
BMW X5,88917,10000,7
BMW X5,130281,10000,10
Mercedez Benz C class,24893,36019,2
BMW X5,50742,21614,4
BMW X5,12890,37401,1
Mercedez Benz C class,100297,10000,7
BMW X5,62593,13139,5
BMW X5,25121,37974,3
Audi A5,76856,10000,9
Mercedez Benz C class,129300,10000,9
BMW X5,42689,36345,3
Mercedez Benz C class,70003,24122,5
Mercedez Benz C class,155804,10000,9
Mercedez Benz C class,17018,33679,2
Mercedez Benz C class,65437,12437,6
BMW X5,86299,10000,7
Mercedez Benz C class,32486,26215,3
Audi A5,32485,21564,4
Mercedez Benz C class,112623,10000,10
Audi A5,91278,10000,9
Audi A5,55583,18772,5
Mercedez Benz C class,31487,32986,2
BMW X5,9000,35770,1
Audi A5,46090,17852,3
Audi A5,21959,35568,2
BMW X5,111233,10000,7
Mercedez Benz C class,9852,35353,1
Mercedez Benz C class,128774,10000,10
BMW X5,60838,23115,5
BMW X5,80118,22553,5
BMW X5,11521,44276,1
Mercedez Benz C class,39334,17281,4
Mercedez Benz C class,130620,10000,10
BMW X5,25665,27040,2
Mercedez Benz C class,114111,10000,8
Mercedez Benz C class,84276,10000,10
Mercedez Benz C class,56348,10887,7
Mercedez Benz C class,78636,13089,5
Mercedez Benz C class,155313,10000,10
BMW X5,171615,10000,10
Mercedez Benz C class,35653,27859,4
BMW X5,67765,20716,6
Audi A5,94862,18152,7
BMW X5,62968,28671,4
Mercedez Benz C class,77677,22582,6
BMW X5,160842,10000,10
BMW X5,108094,10000,7
BMW X5,44469,18604,5
Audi A5,9609,31740,1
Audi A5,47251,27580,4
BMW X5,95890,10000,9
BMW X5,150315,10000,10
BMW X5,32331,28692,3
BMW X5,89170,20922,5
Mercedez Benz C class,100949,13361,7
Mercedez Benz C class,46011,24750,4
Mercedez Benz C class,53871,24976,4
BMW X5,80535,10000,8
Mercedez Benz C class,14974,37427,1
Audi A5,68108,11371,5
Mercedez Benz C class,90923,10000,9
BMW X5,24549,33979,3
BMW X5,107406,11909,7
Audi A5,10064,40787,1
Audi A5,98974,10000,6
Mercedez Benz C class,47795,21407,5
Mercedez Benz C class,90818,10000,8
BMW X5,66484,15174,6
BMW X5,165685,10000,10
Audi A5,31177,37760,2
Mercedez Benz C class,11261,38727,1
Audi A5,46576,26650,5
BMW X5,26556,35984,2
Mercedez Benz C class,169050,10000,10
Audi A5,16078,45187,1
Audi A5,55956,20410,6
Mercedez Benz C class,104393,13592,6
Mercedez Benz C class,27145,28647,2
Mercedez Benz C class,11738,41972,1
Audi A5,12354,34866,1
BMW X5,65385,10000,6
Audi A5,51348,16671,6
BMW X5,38145,22158,3
Mercedez Benz C class,67659,22218,5
Mercedez Benz C class,57483,27365,5
Audi A5,30727,23624,2
Audi A5,16588,40411,1
Mercedez Benz C class,49114,25627,5
BMW X5,48843,25018,3
BMW X5,57687,22724,7
BMW X5,10286,36301,1
BMW X5,137971,10000,9
Audi A5,47783,17990,4
BMW X5,40002,22571,5
BMW X5,61173,10000,6
BMW X5,124210,10000,9
BMW X5,59301,16202,6
Audi A5,75100,16117,5
Audi A5,16423,43279,1
BMW X5,9107,41706,1
Audi A5,76593,11120,8
BMW X5,165593,10000,10
Mercedez Benz C class,10077,39376,1
BMW X5,76026,14206,7
Mercedez Benz C class,25902,29819,2
Audi A5,83013,10000,8
Audi A5,99047,10000,6
Audi A5,41123,33297,3
Mercedez Benz C class,135584,10000,8
Mercedez Benz C class,34018,17650,4
Mercedez Benz C class,107715,10000,8
Mercedez Benz C class,24648,35582,3
Audi A5,83787,10000,10
Mercedez Benz C class,9155,42884,1
Audi A5,11593,39437,1
Audi A5,15166,42244,1
Audi A5,18402,30160,2
Audi A5,49721,13488,4
Audi A5,72895,17663,5
Audi A5,94253,10000,10
Mercedez Benz C class,42886,22662,4
Mercedez Benz C class,82431,14710,5
BMW X5,83793,10000,6
Mercedez Benz C class,16589,35307,1
Mercedez Benz C class,81075,22224,5
BMW X5,148313,10000,9
BMW X5,73619,10000,8
BMW X5,32741,29511,3
Audi A5,97094,10000,9
Audi A5,56205,10000,6
Mercedez Benz C class,95980,12844,6
Mercedez Benz C class,106370,10480,8
Audi A5,54934,17246,6
BMW X5,113395,10000,7
Audi A5,64377,10000,8
BMW X5,112644,10000,8
Mercedez Benz C class,98784,10000,8
Audi A5,168396,10000,10
BMW X5,56212,26626,4
Audi A5,135794,10000,8
BMW X5,78109,10000,9
BMW X5,125393,10000,7
BMW X5,53001,20285,5
Audi A5,53538,23008,3
Audi A5,80291,13127,7
Audi A5,25456,35282,2
Audi A5,48473,10000,6
Mercedez Benz C class,22932,25930,2
Mercedez Benz C class,27784,26822,2
Mercedez Benz C class,91583,10000,10
Mercedez Benz C class,134750,10000,8
BMW X5,19823,36149,2
BMW X5,18575,37562,2
Mercedez Benz C class,168774,10000,10
BMW X5,36931,28231,4
BMW X5,68415,14986,4
Audi A5,173838,10000,10
BMW X5,20335,33091,2
Mercedez Benz C class,45297,22921,4
Audi A5,69066,26564,5
BMW X5,41402,16863,4
BMW X5,63814,13974,7
Audi A5,8508,41695,1
BMW X5,12061,44292,1
Audi A5,61557,10000,7
Mercedez Benz C class,62861,17938,4
BMW X5,172043,10000,10
Mercedez Benz C class,121957,10000,10
Audi A5,153295,10000,10
BMW X5,124083,10000,9
BMW X5,74308,16241,5
Mercedez Benz C class,30634,34920,3
Mercedez Benz C class,57562,20091,5
Mercedez Benz C class,33472,22892,3
Audi A5,97602,10000,6
Audi A5,87482,18410,6
Audi A5,80395,10000,7
BMW X5,59898,18012,5
BMW X5,61414,13366,6
Audi A5,90358,10000,8
Mercedez Benz C class,97023,10000,7
Audi A5,96243,10000,10
BMW X5,95157,10000,8
Mercedez Benz C class,82073,17938,7
Audi A5,123719,10000,9
Audi A5,33138,32573,2
Mercedez Benz C class,29228,31576,2
Mercedez Benz C class,74003,10000,9
Mercedez Benz C class,89214,10000,7
BMW X5,42689,20971,3
Mercedez Benz C class,33049,32012,3
Audi A5,15784,39710,1
Audi A5,53328,33544,3
Audi A5,51764,16666,4
Mercedez Benz C class,89856,13118,6
Audi A5,114144,10000,10
BMW X5,69131,10607,7
Mercedez Benz C class,41404,33731,3
Audi A5,67073,23200,4
Audi A5,32891,27245,3
BMW X5,103749,10000,9
Audi A5,41126,12800,5
BMW X5,54062,13102,5
BMW X5,116458,10000,10
Audi A5,66912,10000,8
Audi A5,53724,16138,6
Audi A5,34158,35182,2
Audi A5,67812,12544,6
BMW X5,58415,25266,4
Mercedez Benz C class,101301,10000,9
Mercedez Benz C class,57406,17954,6
Mercedez Benz C class,8962,42623,1
Audi A5,99265,13664,7
Audi A5,82568,10000,7
Mercedez Benz C class,92904,10000,6
Audi A5,55996,18431,6
BMW X5,151003,10000,10
Audi A5,96599,10000,8
Mercedez Benz C class,16525,38535,1
Mercedez Benz C class,9974,38601,1
Audi A5,63282,23134,5
BMW X5,161504,10000,9
Mercedez Benz C class,69002,10645,4
Audi A5,99131,11226,9
Audi A5,154011,10000,10
BMW X5,22045,39243,2
Audi A5,117510,10000,10
Audi A5,76589,10000,9
Mercedez Benz C class,34184,22046,3
BMW X5,39582,25629,4
BMW X5,141451,10000,10
BMW X5,82487,10000,5
Mercedez Benz C class,52817,10000,6
Audi A5,40209,15730,5
BMW X5,59981,29767,5
BMW X5,93842,13596,7
BMW X5,81451,12214,10
Mercedez Benz C class,21858,30678,2
Audi A5,86461,17478,7
Mercedez Benz C class,88827,10000,10
Mercedez Benz C class,110227,10000,8
Audi A5,35793,24167,4
Mercedez Benz C class,94147,10000,7
BMW X5,24791,37556,2
Audi A5,11049,35382,1
Mercedez Benz C class,90702,10848,7
Audi A5,114554,10000,8
Audi A5,56959,17502,6
Audi A5,39397,19253,3
BMW X5,98938,10000,10
BMW X5,110335,10000,9
BMW X5,63626,10000,6
BMW X5,36483,32802,3
BMW X5,92231,10000,10
BMW X5,72027,11475,6
Audi A5,112227,10000,9
Mercedez Benz C class,40568,10000,5
Mercedez Benz C class,14153,38004,1
Audi A5,58788,16412,4
BMW X5,21758,38810,2
Audi A5,119961,10000,10
BMW X5,88008,24514,5
BMW X5,75340,10000,8
Mercedez Benz C class,20798,36466,2
Mercedez Benz C class,95296,10000,7
Audi A5,12915,37124,1
BMW X5,162575,10000,10
Mercedez Benz C class,26116,30246,2
Audi A5,109912,10000,10
BMW X5,135012,10000,8
Audi A5,106966,12320,7
Mercedez Benz C class,18371,32376,2
BMW X5,79476,10000,7
BMW X5,73603,10000,7
Mercedez Benz C class,15397,36301,1
BMW X5,165738,10000,10
Mercedez Benz C class,48354,25726,5
BMW X5,60506,19079,4
BMW X5,61316,15477,5
BMW X5,67281,20639,5
BMW X5,55716,31987,4
Mercedez Benz C class,130892,10000,9
Audi A5,57761,26511,5
Audi A5,98297,10000,8
BMW X5,46096,27463,3
BMW X5,83108,20336,5
Audi A5,44750,19663,5
Audi A5,110894,10000,8
Audi A5,77636,10000,6
BMW X5,67930,10000,7
Audi A5,101277,10000,10
Mercedez Benz C class,75889,16056,6
Mercedez Benz C class,129524,10000,9
Mercedez Benz C class,35346,38637,2
Audi A5,30118,31426,3
Mercedez Benz C class,106306,10000,8
Audi A5,33117,19324,3
BMW X5,71197,16889,4
Audi A5,11090,45550,1
Mercedez Benz C class,77639,10000,6
Mercedez Benz C class,10955,45850,1
Mercedez Benz C class,56740,22576,4
Audi A5,112498,10000,8
Audi A5,93341,10000,7
Audi A5,123690,10000,10
BMW X5,87270,11771,6
Mercedez Benz C class,23987,30875,2
Audi A5,131805,10000,10
Audi A5,152398,10000,10
Audi A5,125352,13136,7
Mercedez Benz C class,62960,15480,6
BMW X5,16591,31478,2
Audi A5,162994,10000,10
Audi A5,32048,27576,2
BMW X5,16455,39615,2
BMW X5,107858,10000,10
Audi A5,74775,18679,7
BMW X5,169600,10000,10
Mercedez Benz C class,76590,15153,5
Audi A5,101810,12881,7
BMW X5,28810,33298,2
Mercedez Benz C class,93859,10000,9
Mercedez Benz C class,64548,10000,8
Mercedez Benz C class,26927,23487,3
Mercedez Benz C class,51183,28909,3
Mercedez Benz C class,53698,31834,3
BMW X5,99376,10000,6
Audi A5,89703,10000,10
Audi A5,130643,10000,8
Mercedez Benz C class,48867,18491,6
Audi A5,27037,29629,3
Mercedez Benz C class,58090,12122,6
Audi A5,56762,10000,7
BMW X5,82991,12630,7
Mercedez Benz C class,10614,32912,1
Mercedez Benz C class,39524,31393,3
BMW X5,56501,12741,7
Audi A5,63265,19126,7
BMW X5,78163,10000,5
Audi A5,15587,44407,1
BMW X5,87433,26111,5
BMW X5,23542,30809,2
Mercedez Benz C class,57811,15979,6
Mercedez Benz C class,24039,36972,2
BMW X5,115106,10000,7
BMW X5,158563,10000,10
BMW X5,47295,22841,4
BMW X5,128693,10211,8
Mercedez Benz C class,60919,21317,7
Audi A5,26655,25407,3
Mercedez Benz C class,107890,10000,7
BMW X5,31280,24872,3
BMW X5,86575,10000,6
Audi A5,36701,22212,4
Audi A5,69280,19516,8
Mercedez Benz C class,16290,38866,2
BMW X5,54056,16325,4
BMW X5,105506,21442,6
Mercedez Benz C class,87655,14656,6
Audi A5,89172,17277,5
Mercedez Benz C class,133020,10000,8
Mercedez Benz C class,157675,10000,10
Audi A5,83805,10000,8
Audi A5,88742,10973,5
Mercedez Benz C class,136442,10000,10
BMW X5,30161,33785,2
Mercedez Benz C class,82150,10000,10
Audi A5,10329,40118,1
Mercedez Benz C class,24550,30629,2
BMW X5,135774,10000,8
Audi A5,86686,22294,6
BMW X5,79902,10000,8
BMW X5,137187,10000,8
BMW X5,23972,28307,2
Audi A5,116548,10000,10
BMW X5,99044,10000,9
Mercedez Benz C class,41639,27208,3
Audi A5,10437,33194,1
BMW X5,81405,10000,9
Audi A5,14982,34067,1
Mercedez Benz C class,103470,10000,6
BMW X5,68048,10000,6
Audi A5,89969,10000,6
BMW X5,32241,23213,4
Mercedez Benz C class,167275,10000,10
Audi A5,88526,10000,7
Audi A5,134946,10000,8
Mercedez Benz C class,12376,43731,1
Mercedez Benz C class,26168,31926,2
BMW X5,98043,10000,7
Audi A5,60891,10000,7
Audi A5,116358,11127,7
Audi A5,82747,15038,7
Audi A5,98552,23502,6
Mercedez Benz C class,9431,36467,1
BMW X5,126550,10000,9
Audi A5,175191,10000,10
Mercedez Benz C class,45015,23151,3
Mercedez Benz C class,20011,36980,2
Mercedez Benz C class,71627,15182,5
Audi A5,83890,10000,6
Audi A5,19648,38141,2
Audi A5,31345,31211,3
Audi A5,50110,13328,5
Audi A5,11549,34161,1
Audi A5,22877,29305,2
BMW X5,57394,22910,4
Mercedez Benz C class,74568,10000,8
Audi A5,134357,13995,8
Audi A5,165953,10000,10
BMW X5,17863,35001,1
BMW X5,69567,19675,6
Audi A5,138579,15399,8
Audi A5,38484,32375,3
Audi A5,10262,44209,1
BMW X5,58981,29551,4
BMW X5,51882,29704,3
BMW X5,76638,16100,5
Audi A5,28304,26714,3
BMW X5,122724,10000,8
Mercedez Benz C class,84283,22455,5
Mercedez Benz C class,140091,10000,8
Audi A5,55877,15789,5
Audi A5,65532,19534,6
BMW X5,75049,10000,8
Mercedez Benz C class,73564,10000,7
Mercedez Benz C class,32965,26320,4
Audi A5,50122,17831,4
BMW X5,64447,15172,4
Audi A5,122849,10000,8
Mercedez Benz C class,92955,19266,8
Audi A5,69814,19979,5
Audi A5,100256,11504,7
Mercedez Benz C class,131394,10000,10
BMW X5,95610,10000,9
Audi A5,11385,42783,1
BMW X5,57279,24775,4
Audi A5,54859,18747,6
Mercedez Benz C class,152083,10000,10
Mercedez Benz C class,45056,31396,3
BMW X5,22736,39951,2
Mercedez Benz C class,55268,26533,6
Audi A5,85372,10000,8
Audi A5,86211,15880,5
Mercedez Benz C class,10890,31561,1
Mercedez Benz C class,138392,10000,9
BMW X5,90545,10000,10
Audi A5,46896,27014,3
BMW X5,10040,34334,1
Audi A5,54038,27551,4
Audi A5,76390,16508,5
Mercedez Benz C class,49198,34803,3
BMW X5,55250,22288,6
Audi A5,152871,10000,9
BMW X5,10646,35090,1
Audi A5,38049,18723,3
BMW X5,43946,29277,3
Audi A5,113735,10000,8
Audi A5,106407,10000,7
Audi A5,64118,10779,8
Audi A5,32368,22831,3
BMW X5,13020,36155,1
BMW X5,35774,39928,2
Audi A5,102426,10000,9
Mercedez Benz C class,54212,17501,5
BMW X5,117913,10000,7
BMW X5,95795,17001,6
BMW X5,107470,10000,9
BMW X5,11263,34297,1
Audi A5,85216,10000,6
Mercedez Benz C class,71802,22300,6
Audi A5,22132,31348,2
Audi A5,54078,17287,4
Audi A5,72239,28411,5
Mercedez Benz C class,83655,10000,8
Audi A5,136158,10000,9
BMW X5,73915,10000,6
Audi A5,101111,10000,9
Mercedez Benz C class,41094,26039,3
Mercedez Benz C class,152954,10000,10
BMW X5,9102,33096,1
Mercedez Benz C class,118272,10000,10
Mercedez Benz C class,70455,20851,4
Mercedez Benz C class,28424,26130,3
Audi A5,78393,10000,9
BMW X5,31266,28908,3
Mercedez Benz C class,29643,36443,3
Audi A5,39231,24378,4
Mercedez Benz C class,138087,10000,8
BMW X5,46632,26287,4
Mercedez Benz C class,13871,33107,1
BMW X5,76516,10000,8
Mercedez Benz C class,44868,23434,3
BMW X5,148556,10000,9
BMW X5,44749,20662,4
Mercedez Benz C class,87852,10000,10
Mercedez Benz C class,35693,26185,4
Mercedez Benz C class,34473,32184,2
Audi A5,61284,10000,7
Mercedez Benz C class,112303,10000,8
Mercedez Benz C class,38450,19401,4
Audi A5,113089,10000,10
Audi A5,79008,10000,5
Audi A5,26417,38397,2
Audi A5,46381,20208,4
BMW X5,89026,10000,6
Mercedez Benz C class,52579,27366,3
Audi A5,12883,31073,1
Audi A5,19741,38500,2
Audi A5,86227,10000,8
BMW X5,85544,10000,9
Audi A5,16092,43162,1
BMW X5,73174,14197,6
Audi A5,84673,12614,7
Audi A5,10270,33334,1
BMW X5,100512,10000,10
Audi A5,54965,21674,4
Mercedez Benz C class,65450,11571,6
Mercedez Benz C class,106429,10409,6
Mercedez Benz C class,62309,14698,7
Mercedez Benz C class,48669,15941,5
Audi A5,38606,28595,4
Mercedez Benz C class,15476,35176,1
Audi A5,62728,15824,4
BMW X5,61702,10517,7
Audi A5,36315,18970,4
BMW X5,87665,10000,10
BMW X5,34961,21632,4
Audi A5,90300,19149,7
BMW X5,135143,10000,8
BMW X5,139216,10000,9
Audi A5,35042,24063,2
BMW X5,79370,25885,6
Audi A5,142586,10000,8
Mercedez Benz C class,83708,10000,10
Audi A5,46693,23102,4
Audi A5,61127,23204,4
Mercedez Benz C class,81368,10000,7
Mercedez Benz C class,93993,10000,10
Audi A5,43256,23783,4
Mercedez Benz C class,44937,25717,4
Audi A5,42971,19117,5
Mercedez Benz C class,155969,10000,9
Mercedez Benz C class,122321,10000,8
Audi A5,47115,15211,5
BMW X5,17363,41221,2
Mercedez Benz C class,51632,13149,4
Audi A5,131758,12292,8
Audi A5,53111,26711,4
Audi A5,40790,34433,3
BMW X5,46656,28741,5
BMW X5,114915,10000,8
Audi A5,131034,10146,10
Mercedez Benz C class,11763,33503,1
Audi A5,80256,21707,5
BMW X5,159583,10000,10
Audi A5,8903,35995,1
Audi A5,38843,31607,3
Mercedez Benz C class,132796,10000,9
Audi A5,93214,10000,6
Mercedez Benz C class,130670,10000,8
Audi A5,75921,10000,7
BMW X5,83876,18377,5
Mercedez Benz C class,61486,15271,5
BMW X5,164081,10000,10
BMW X5,35626,33072,3
Mercedez Benz C class,129723,10000,8
BMW X5,29388,40590,2
Audi A5,96511,10000,6
Mercedez Benz C class,22080,36935,2
Mercedez Benz C class,61787,13772,7
BMW X5,57479,18954,4
BMW X5,86106,20741,6
BMW X5,43250,16597,5
Mercedez Benz C class,84641,17172,6
Audi A5,11236,39519,1
BMW X5,35397,33768,2
Mercedez Benz C class,94279,12915,6
Mercedez Benz C class,14044,30754,1
Mercedez Benz C class,53925,11216,5
Audi A5,29262,32095,2
Audi A5,19378,36359,2
Mercedez Benz C class,132206,10000,8
Audi A5,46477,30640,3
Audi A5,16672,38149,2
BMW X5,152258,10000,10
Audi A5,57824,25716,4
Audi A5,89223,12791,6
BMW X5,73069,17827,5
BMW X5,50265,35508,3
Audi A5,54880,23377,5
Mercedez Benz C class,27432,36153,2
Audi A5,45818,27140,5
BMW X5,62019,21544,6
Audi A5,52660,29783,5
Audi A5,88444,10000,8
Mercedez Benz C class,40253,17951,5
Mercedez Benz C class,45239,26801,3
Audi A5,25185,23266,3
BMW X5,33753,21860,3
BMW X5,69287,26947,5
BMW X5,130651,10000,8
Audi A5,48617,19391,3
Audi A5,106935,20613,6
Audi A5,57110,22957,7
Mercedez Benz C class,71572,20321,5
Audi A5,23296,41398,2
Mercedez Benz C class,141148,10000,10
Audi A5,113419,10000,8
Mercedez Benz C class,30833,26542,2
BMW X5,123939,10000,9
Mercedez Benz C class,51793,21794,5
BMW X5,88402,10000,8
Mercedez Benz C class,157843,10000,10
Mercedez Benz C class,43101,25376,4
Mercedez Benz C class,44669,24780,4
BMW X5,59370,13677,7
Mercedez Benz C class,74971,10000,5
BMW X5,13747,33375,1
BMW X5,9652,36866,1
BMW X5,58158,18822,5
Mercedez Benz C class,74322,18234,8
Mercedez Benz C class,44094,21574,3
Mercedez Benz C class,11657,41427,1
Mercedez Benz C class,80089,10000,10
BMW X5,48476,11092,5
Audi A5,26265,33644,3
Mercedez Benz C class,57542,19880,5
BMW X5,31317,18406,3
Mercedez Benz C class,9592,39095,1
BMW X5,85457,20857,7
BMW X5,82181,20116,5
BMW X5,148346,10000,9
BMW X5,145910,10000,10
BMW X5,159318,10000,9
Mercedez Benz C class,63349,22694,5
Audi A5,106850,12004,10
Audi A5,79251,10000,8
Mercedez Benz C class,27674,25654,3
Mercedez Benz C class,119220,10788,7
Mercedez Benz C class,87158,16108,6
BMW X5,89492,16259,5
Audi A5,102640,10000,7
Audi A5,112847,15198,7
Mercedez Benz C class,39127,35784,3
Audi A5,22354,32416,2
Audi A5,8243,33624,1
Mercedez Benz C class,43026,12158,4
BMW X5,67531,14001,7
BMW X5,87545,10000,6
Mercedez Benz C class,72831,17776,5
Mercedez Benz C class,87635,10000,8
Mercedez Benz C class,25410,37100,2
Mercedez Benz C class,60395,10000,6
Mercedez Benz C class,75631,10000,9
Mercedez Benz C class,132429,10000,10
Mercedez Benz C class,127302,10000,9
Audi A5,75203,12870,6
BMW X5,17710,30303,2
Audi A5,47550,36470,3
Mercedez Benz C class,95722,10000,6
Audi A5,18411,37151,2
BMW X5,111544,10000,8
Mercedez Benz C class,54285,17556,4
BMW X5,85408,19683,5
BMW X5,51133,28198,3
BMW X5,144635,10000,9
Mercedez Benz C class,80442,10893,6
BMW X5,42563,28343,3
BMW X5,73070,10000,8
BMW X5,103166,10000,7
Mercedez Benz C class,17808,32770,1
Mercedez Benz C class,141391,10000,8
Audi A5,32162,28226,2
Mercedez Benz C class,62685,15315,7
Mercedez Benz C class,35428,34677,3
Mercedez Benz C class,49043,26845,3
Audi A5,148708,10000,10
Mercedez Benz C class,69737,30551,4
Mercedez Benz C class,49505,23755,5
Audi A5,128884,10000,9
Audi A5,17505,32306,1
BMW X5,94851,10000,6
Mercedez Benz C class,99961,10458,6
Mercedez Benz C class,111965,10000,7
Audi A5,93173,18853,7
Audi A5,46219,25535,5
Audi A5,42536,31955,3
Audi A5,80826,10000,8
BMW X5,15741,36182,1
Mercedez Benz C class,19126,35037,2
Mercedez Benz C class,8950,43740,1
Audi A5,128090,10000,8
Audi A5,8185,40254,1
BMW X5,49231,13313,5
BMW X5,17921,33206,1
Audi A5,31622,23918,2
Mercedez Benz C class,117575,10000,7
Mercedez Benz C class,124371,10000,10
Audi A5,51569,21726,3
Mercedez Benz C class,95612,10000,9
Audi A5,48875,26211,3
BMW X5,104781,10000,8
Audi A5,101452,14384,6
Audi A5,34158,28221,2
Mercedez Benz C class,110573,10000,9
Mercedez Benz C class,106320,10000,7
Mercedez Benz C class,141812,10000,10
BMW X5,107274,10000,6
BMW X5,73858,10000,8
BMW X5,119163,10000,10
BMW X5,99296,10000,6
BMW X5,52882,25953,3
BMW X5,93006,10000,8
Audi A5,62421,17721,5
BMW X5,16984,43323,1
Audi A5,63930,13251,7
Mercedez Benz C class,42057,23060,4
Mercedez Benz C class,69664,20304,7
Mercedez Benz C class,33918,25270,4
BMW X5,137896,10000,10
BMW X5,43111,36114,3
Mercedez Benz C class,8121,35156,1
Audi A5,92107,10000,8
Audi A5,89365,14971,6
BMW X5,87406,13933,5
Audi A5,68337,24711,4
Audi A5,100376,10000,6
Mercedez Benz C class,10805,33090,1
Mercedez Benz C class,85211,10000,7
Mercedez Benz C class,65888,16786,6
BMW X5,162953,10000,10
BMW X5,76196,18367,5
Audi A5,29676,31179,2
BMW X5,75807,10000,8
BMW X5,117282,10000,9
Mercedez Benz C class,104620,10000,6
Mercedez Benz C class,96955,10000,10
Audi A5,96206,10000,7
Audi A5,22849,37736,2
BMW X5,90374,17222,6
Mercedez Benz C class,133369,10000,10
Mercedez Benz C class,9375,43249,1
BMW X5,16489,41155,1
Mercedez Benz C class,34484,26292,3
Audi A5,35685,30680,2
Mercedez Benz C class,138857,10000,10
Mercedez Benz C class,16846,41441,1
Audi A5,119478,10000,7
BMW X5,126493,10000,9
BMW X5,130057,10000,10
BMW X5,96961,10000,8
Audi A5,73459,24450,6
BMW X5,120733,10000,9
Audi A5,70762,20391,7
Audi A5,61326,23219,5
Mercedez Benz C class,40224,21480,5
Audi A5,48737,20986,3
BMW X5,53436,20751,5
Mercedez Benz C class,80503,17381,7
BMW X5,48485,23578,3
BMW X5,86400,10000,9
BMW X5,53367,10000,6
Audi A5,71863,10000,7
BMW X5,33287,33262,2
Mercedez Benz C class,106893,10000,6
Audi A5,76273,10000,7
BMW X5,135983,10000,9
BMW X5,99891,10000,6
BMW X5,81163,13969,8
Audi A5,8671,39558,1
Mercedez Benz C class,152900,10000,10
Audi A5,57765,18859,5
Audi A5,23863,33724,2
BMW X5,132691,10000,8
Mercedez Benz C class,11920,32776,1
Audi A5,105529,12777,6
Mercedez Benz C class,94797,10000,6
Audi A5,89515,22514,5
BMW X5,44438,15887,5
BMW X5,140788,10000,9
Audi A5,62866,10000,5
Mercedez Benz C class,32441,28959,4
Mercedez Benz C class,57114,21293,4
Audi A5,83748,10000,6
Mercedez Benz C class,73538,14271,5
BMW X5,123185,10000,10
Mercedez Benz C class,75001,10000,6
Audi A5,98476,10000,9
BMW X5,82552,24372,5
Mercedez Benz C class,53680,23326,3
Mercedez Benz C class,22041,28152,2
Audi A5,115188,10000,9
Audi A5,44454,14057,5
BMW X5,59946,10013,7
Audi A5,103944,10000,6
Mercedez Benz C class,18885,39190,2
BMW X5,37643,35887,3
Audi A5,67890,29545,5
Audi A5,151454,10000,10
BMW X5,78155,10000,9
Audi A5,66893,10000,8
Mercedez Benz C class,124462,10000,10
Mercedez Benz C class,36169,26121,3
Audi A5,77009,10000,9
Mercedez Benz C class,65144,23740,5
BMW X5,112740,10000,10
BMW X5,88973,18306,6
BMW X5,154082,10000,9
BMW X5,80794,10000,5
Audi A5,73097,10000,9
Mercedez Benz C class,120807,10000,9
BMW X5,53851,16105,5
Audi A5,29417,26386,2
BMW X5,29954,33345,3
BMW X5,131897,10000,8
BMW X5,84425,10000,7
BMW X5,128813,10000,10
Mercedez Benz C class,41663,24137,3
Mercedez Benz C class,79824,15960,5
BMW X5,20308,31282,2
BMW X5,35208,22204,4
BMW X5,68290,15816,4
Audi A5,81382,23634,5
Audi A5,130309,10000,10
BMW X5,40520,30082,3
Audi A5,80527,20418,5
BMW X5,27211,28524,2
BMW X5,43094,25451,4
Audi A5,56508,18657,5
Mercedez Benz C class,107527,10000,7
BMW X5,75803,10000,9
Audi A5,25066,34639,2
Mercedez Benz C class,45221,13246,4
Mercedez Benz C class,142505,10000,9
BMW X5,102029,10000,10
Mercedez Benz C class,20483,40910,2
BMW X5,56371,22843,5
Mercedez Benz C class,68427,19800,4
BMW X5,34373,29424,2
BMW X5,103416,11737,7
BMW X5,30198,27756,3
Audi A5,60028,10000,7
Audi A5,46657,35442,3
BMW X5,49363,20691,4
Mercedez Benz C class,47307,27367,5
Mercedez Benz C class,108932,10000,7
Mercedez Benz C class,135828,10000,9
Mercedez Benz C class,8190,35491,1
Audi A5,33480,34711,3
Mercedez Benz C class,14614,32221,1
Audi A5,30276,23670,3
Audi A5,80338,16299,6
Mercedez Benz C class,120625,10000,8
BMW X5,97729,16998,6
BMW X5,41346,29807,4
Mercedez Benz C class,170927,10000,10
Mercedez Benz C class,8843,38369,1
BMW X5,83160,18648,5
Audi A5,99682,10000,6
BMW X5,123456,10000,7
Mercedez Benz C class,54246,22976,6
Mercedez Benz C class,17077,44407,1
Mercedez Benz C class,86178,22916,6
Audi A5,42675,29848,4
BMW X5,151731,10000,9
Audi A5,42400,24997,4
Mercedez Benz C class,10926,41407,1
Mercedez Benz C class,37664,27812,4
Audi A5,83027,19145,5
BMW X5,40222,29112,3
BMW X5,8859,31701,1
Audi A5,77518,23601,6
Mercedez Benz C class,124288,10000,10
Audi A5,50541,24473,5
BMW X5,126115,10000,9
Audi A5,27040,21870,3
BMW X5,176397,10000,10
Audi A5,159223,10000,10
Mercedez Benz C class,47019,11063,5
Audi A5,73983,11497,8
Mercedez Benz C class,148695,10000,10
Audi A5,49032,18932,4
Mercedez Benz C class,55227,13225,6
Audi A5,66501,20787,4
Mercedez Benz C class,34865,36606,3
Audi A5,101570,10406,9
Audi A5,46649,32523,3
Audi A5,34567,16192,4
BMW X5,159653,10000,9
BMW X5,29568,41266,2
BMW X5,41711,24475,4
Audi A5,77272,10000,8
Audi A5,13881,41580,1
Audi A5,53408,17036,6
Audi A5,58631,16150,6
Mercedez Benz C class,132569,10000,8
BMW X5,63086,12078,4
BMW X5,35280,32025,3
Audi A5,76577,10000,6
Audi A5,134953,10000,10
Mercedez Benz C class,57494,14300,6
Audi A5,12635,43126,1
Mercedez Benz C class,128637,10000,8
Mercedez Benz C class,98723,10167,7
Mercedez Benz C class,99466,10000,8
BMW X5,71545,17002,4
Mercedez Benz C class,12829,39165,1
Mercedez Benz C class,107153,10000,7
Mercedez Benz C class,105727,10000,7
BMW X5,15218,43928,1
Mercedez Benz C class,116690,10000,8
BMW X5,58587,16565,5
Mercedez Benz C class,23732,27839,2
Audi A5,69694,22435,4
Mercedez Benz C class,14776,38115,1
Mercedez Benz C class,24949,26053,2
Mercedez Benz C class,140507,10000,8
Mercedez Benz C class,11867,36414,1
Audi A5,42289,29947,4
BMW X5,119038,10000,10
Audi A5,73374,10000,9
BMW X5,16743,37344,1
BMW X5,110459,10000,10
Mercedez Benz C class,60928,21475,4
BMW X5,13879,41036,1
BMW X5,102939,10000,9
Audi A5,59263,23015,4
BMW X5,55898,18413,4
Audi A5,46133,15239,5
BMW X5,95678,10000,7
BMW X5,121542,10000,10
BMW X5,17522,35938,1
BMW X5,120791,13650,7
Audi A5,123159,10000,10
Mercedez Benz C class,28146,27710,3
BMW X5,83060,10000,10
BMW X5,91034,10000,8
Audi A5,13765,44958,1
Mercedez Benz C class,170702,10000,10
Mercedez Benz C class,129627,10000,8
BMW X5,80642,25413,5
BMW X5,124840,10000,7
Mercedez Benz C class,168302,10000,10
Audi A5,28771,31069,3
Audi A5,87998,10000,10
BMW X5,49936,27305,3
Audi A5,99982,10027,6
Mercedez Benz C class,12618,44468,1
Audi A5,40452,11786,5
Audi A5,85761,10000,6
BMW X5,8882,45285,1
BMW X5,48118,10000,6
Audi A5,66939,11350,5
Mercedez Benz C class,141978,10000,10
Audi A5,170302,10000,10
BMW X5,69003,10000,5
Mercedez Benz C class,126710,11204,8
Mercedez Benz C class,124903,10000,10
Mercedez Benz C class,28539,28488,2
Mercedez Benz C class,127155,10000,10
Audi A5,82219,10729,6
Audi A5,65231,13575,5
Audi A5,41397,25136,4
Mercedez Benz C class,83221,10000,6
Mercedez Benz C class,91416,18306,7
Mercedez Benz C class,54415,23823,4
Mercedez Benz C class,119999,14271,8
BMW X5,74892,26040,5
BMW X5,8429,39606,1
BMW X5,104238,10000,7
Audi A5,176937,10000,10
Mercedez Benz C class,78768,10000,7
BMW X5,31716,25209,3
Audi A5,71854,16279,5
BMW X5,24714,34132,3
Mercedez Benz C class,83169,15883,5
Mercedez Benz C class,126810,10000,8
BMW X5,142177,10000,8
Mercedez Benz C class,27923,31762,2
Mercedez Benz C class,75334,10000,7
Audi A5,70231,10000,6
Audi A5,73494,14758,5
Audi A5,15118,35190,1
BMW X5,14271,41700,1
Mercedez Benz C class,10605,43359,1
BMW X5,60557,12772,5
BMW X5,88581,10000,10
Audi A5,106113,13477,6
Mercedez Benz C class,90551,10000,7
BMW X5,156173,10000,9
Audi A5,53260,16264,5
BMW X5,76520,13118,6
Audi A5,80171,24562,6
BMW X5,29506,30471,2
Audi A5,33773,30439,4
Audi A5,20682,38176,2
BMW X5,112440,10000,8
BMW X5,88972,10000,5
Audi A5,123279,10000,7
Audi A5,114982,10000,9
Audi A5,46095,34101,3
BMW X5,159304,10000,9
Mercedez Benz C class,170827,10000,10
Audi A5,40235,18222,4
BMW X5,11521,38185,1
Audi A5,73460,20100,7
Audi A5,15267,37126,1
BMW X5,93943,10000,6
Audi A5,45279,25508,3
Audi A5,109940,10000,8
Mercedez Benz C class,30019,36945,3
BMW X5,34415,38673,3
Mercedez Benz C class,71996,10000,6
Mercedez Benz C class,105193,10000,8
Audi A5,52936,30924,3
Audi A5,67981,10000,8
Audi A5,12815,40512,1
Audi A5,41501,34728,3
Mercedez Benz C class,71645,16479,5
Audi A5,106633,10000,10
BMW X5,29495,25564,2
BMW X5,49310,32043,3
Mercedez Benz C class,42160,23259,4
Audi A5,125276,10000,7
Mercedez Benz C class,45190,32281,3
BMW X5,119206,10000,7
Audi A5,33965,31931,3
Mercedez Benz C class,126426,10000,9
Audi A5,81259,10000,8
BMW X5,141620,10211,8
BMW X5,17671,43465,1
Mercedez Benz C class,119746,12025,7
Mercedez Benz C class,90401,10000,9
Mercedez Benz C class,11879,32016,1
Audi A5,155683,10000,10
BMW X5,129707,10000,8
BMW X5,20456,33929,2
BMW X5,60052,10000,7
BMW X5,112198,10000,8
BMW X5,60685,13142,6
Audi A5,123309,10000,7
BMW X5,45744,28494,3
Audi A5,44387,16247,4
Mercedez Benz C class,140951,10000,9
Audi A5,39864,27403,3
Audi A5,112736,10000,10
Mercedez Benz C class,45342,22636,5
BMW X5,40685,21090,4
Audi A5,61123,14370,5
Audi A5,149976,10000,10
BMW X5,28406,33568,2
BMW X5,73711,16410,5
BMW X5,70268,10000,6
Audi A5,115432,10000,7
BMW X5,83107,14222,5
Audi A5,148176,10000,10
BMW X5,112670,14019,8
Mercedez Benz C class,101479,10000,7
BMW X5,70053,25815,5
Audi A5,23728,33224,2
Audi A5,56034,26234,5
Mercedez Benz C class,81958,10000,8
Audi A5,109348,10000,10
BMW X5,92654,10000,9
Mercedez Benz C class,69215,10000,6
Audi A5,65721,23917,5
Mercedez Benz C class,39768,21711,3
Mercedez Benz C class,24794,20055,3
Mercedez Benz C class,86208,15244,5
Audi A5,154939,10000,9
Mercedez Benz C class,53907,20348,5
BMW X5,16765,36990,2
BMW X5,73633,11365,7
BMW X5,16675,41228,2
Mercedez Benz C class,52238,29486,3
Mercedez Benz C class,24338,28782,3
Mercedez Benz C class,141412,10000,8
BMW X5,17822,38793,2
Audi A5,78495,10000,5
Mercedez Benz C class,36100,29147,3
Audi A5,84332,21665,5
Mercedez Benz C class,53351,22967,4
BMW X5,95443,10000,6
Audi A5,31963,38158,2
BMW X5,85548,23156,5
Audi A5,123611,10000,10
Mercedez Benz C class,134811,10000,8
BMW X5,87687,13133,6
BMW X5,64252,10000,5
Mercedez Benz C class,105294,12499,7
Audi A5,13560,33903,1
Audi A5,36072,22392,4
BMW X5,149385,10000,10
Mercedez Benz C class,91121,14194,8
Mercedez Benz C class,132622,10000,10
Audi A5,17218,36156,1
BMW X5,143992,10000,8
Mercedez Benz C class,31175,29650,2
Mercedez Benz C class,63865,16564,6
Mercedez Benz C class,33814,27577,4
BMW X5,83371,10000,9
BMW X5,21268,38861,2
Audi A5,27074,35973,2
Audi A5,98305,10000,8
Mercedez Benz C class,33805,22701,3
Audi A5,97286,10000,8
Audi A5,35782,33428,3
Mercedez Benz C class,49490,28605,3
Mercedez Benz C class,91733,10000,10
Audi A5,45349,22334,3
BMW X5,26608,36773,3
BMW X5,38980,24874,3
BMW X5,17148,39552,1
BMW X5,123705,10000,10
BMW X5,101474,14867,6
BMW X5,37658,26044,4
Mercedez Benz C class,103950,13855,7
BMW X5,101009,16940,6
BMW X5,25974,37617,2
Audi A5,107808,10000,7
BMW X5,12560,37774,1
Mercedez Benz C class,125707,10000,8
Mercedez Benz C class,140868,10000,10
Audi A5,84183,27213,5
BMW X5,10631,31505,1
Audi A5,41629,13534,5
Audi A5,71513,10000,6
Audi A5,51438,21878,3
BMW X5,27046,36811,2
Audi A5,54120,22405,4
Mercedez Benz C class,52044,17452,4
Audi A5,87708,18630,5
Mercedez Benz C class,154611,10000,9
Audi A5,123871,10000,9
BMW X5,28054,39804,2
Audi A5,99430,12900,6
Audi A5,45088,17414,5
BMW X5,126720,10000,10
Audi A5,37076,28961,4
BMW X5,52176,21725,5
Mercedez Benz C class,32471,28444,2
Mercedez Benz C class,172890,10000,10
BMW X5,69397,27429,4
Mercedez Benz C class,113335,10000,9
Audi A5,74753,12705,6
Mercedez Benz C class,97836,10000,9
Mercedez Benz C class,48425,25968,4
BMW X5,16878,40313,2
Audi A5,39884,16568,4
Mercedez Benz C class,60999,10000,7
Mercedez Benz C class,83583,19650,5
Audi A5,31268,25648,2
Mercedez Benz C class,47864,31424,3
BMW X5,11556,42739,1
Mercedez Benz C class,14611,44406,1
BMW X5,45458,29787,4
Mercedez Benz C class,30322,31159,3
Audi A5,23037,36939,2
Mercedez Benz C class,73165,10514,5
Mercedez Benz C class,56550,12275,6
Mercedez Benz C class,101786,10000,6
BMW X5,9137,35337,1
BMW X5,28792,31785,3
BMW X5,135677,10000,8
Audi A5,142923,10000,10
BMW X5,21558,36782,2
Mercedez Benz C class,133618,10000,10
Audi A5,49525,17817,5
Audi A5,79747,14984,6
BMW X5,143266,10000,10
BMW X5,10870,36404,1
Audi A5,78540,13917,7
Mercedez Benz C class,10927,41937,1
Mercedez Benz C class,115225,10000,10
Audi A5,87103,10000,8
BMW X5,51861,26486,3
BMW X5,173060,10000,10
BMW X5,60746,15644,7
Mercedez Benz C class,129102,10000,9
Mercedez Benz C class,85981,10000,10
Audi A5,54266,25127,4
Audi A5,81857,11152,6
Mercedez Benz C class,92014,18492,6
Mercedez Benz C class,13511,43774,1
BMW X5,84623,17221,5
Mercedez Benz C class,71667,13207,5
Audi A5,115061,10000,7
Audi A5,70467,11988,7
Mercedez Benz C class,91289,10006,6
Audi A5,83362,10000,8
Audi A5,90522,16207,6
Audi A5,34111,31183,4
Mercedez Benz C class,147859,10000,10
Mercedez Benz C class,55930,15742,6
Audi A5,56297,19875,6
Mercedez Benz C class,70214,19028,5
BMW X5,71726,10000,5
Audi A5,82763,13938,5
Audi A5,9306,34788,1
BMW X5,44166,32369,3
BMW X5,86915,10392,6
Mercedez Benz C class,52175,10000,6
Mercedez Benz C class,99055,11849,7
Mercedez Benz C class,32277,35222,3
Audi A5,108719,10000,10
Mercedez Benz C class,85772,10000,10
BMW X5,134116,10000,10
BMW X5,139970,10000,8
BMW X5,123428,10000,7
Mercedez Benz C class,143716,10000,10
Mercedez Benz C class,114332,16559,7
Mercedez Benz C class,83106,10000,10
Mercedez Benz C class,83861,17605,6
Audi A5,66527,15860,4
Audi A5,32850,26596,3
BMW X5,34964,40820,2
BMW X5,51124,21724,3
Audi A5,45958,23704,3
Mercedez Benz C class,68529,22483,6
Mercedez Benz C class,34989,25452,2
BMW X5,69126,10000,6
Mercedez Benz C class,45119,17510,4
BMW X5,33083,29849,2
BMW X5,74805,10000,7
Mercedez Benz C class,76732,16509,7
Mercedez Benz C class,84509,17900,5
BMW X5,75081,19884,6
Audi A5,28237,29382,2
BMW X5,41441,22055,4
Mercedez Benz C class,100259,10000,9
Mercedez Benz C class,78618,10000,9
Audi A5,91902,10000,6
Mercedez Benz C class,33251,18479,4
Audi A5,52923,31366,3
BMW X5,96919,10000,10
Audi A5,150242,10000,9
BMW X5,46676,27051,4
BMW X5,96997,10000,8
Mercedez Benz C class,166144,10000,10
Mercedez Benz C class,96468,10000,8
Mercedez Benz C class,58215,17380,5
Audi A5,78380,10000,7
Mercedez Benz C class,74463,15186,5
BMW X5,54819,18849,6
BMW X5,128743,10000,9
Audi A5,100903,13482,6
BMW X5,23315,27610,2
Mercedez Benz C class,125239,10000,10
Audi A5,99081,10000,8
BMW X5,21147,29872,2
Audi A5,50385,27409,3
Mercedez Benz C class,16906,38688,2
Mercedez Benz C class,111464,10000,7
Mercedez Benz C class,28487,26220,2
BMW X5,73068,10000,7
BMW X5,56737,15799,5
BMW X5,35224,23512,4
Mercedez Benz C class,37765,27152,3
BMW X5,11792,36115,1
BMW X5,134984,10000,8
BMW X5,33484,25593,3
Mercedez Benz C class,59195,23240,6
Mercedez Benz C class,10202,30770,1
BMW X5,65936,27804,4
BMW X5,36852,29111,3
Mercedez Benz C class,13836,37797,1
Mercedez Benz C class,17473,42173,1
BMW X5,71240,10000,8
BMW X5,32267,32559,2
BMW X5,49822,22227,3
Mercedez Benz C class,74998,23491,6
Audi A5,70315,10000,7
Mercedez Benz C class,83124,10000,9
BMW X5,172285,10000,10
Audi A5,89891,10000,10
BMW X5,41430,13724,5
BMW X5,40157,23649,4
Mercedez Benz C class,139552,10000,8
BMW X5,14003,30672,1
BMW X5,38252,23998,4
BMW X5,143271,10000,10
BMW X5,157271,10000,10
Mercedez Benz C class,75312,10000,8
Audi A5,154141,10000,10
Audi A5,106176,10000,8
Audi A5,85717,13385,8
BMW X5,141847,10000,10
BMW X5,91632,10000,10
Audi A5,114895,10000,8
Audi A5,83849,10000,10
Audi A5,131470,10000,9
Audi A5,12283,38340,1
Audi A5,53038,19197,6
Mercedez Benz C class,17782,37277,1
Audi A5,107312,10000,7
Audi A5,101466,10000,6
Mercedez Benz C class,27809,38881,2
BMW X5,18567,26293,2
Audi A5,34985,25414,3
Audi A5,123786,10000,10
BMW X5,16405,35703,1
BMW X5,85332,10000,7
Audi A5,33039,30973,2
Audi A5,16837,44333,1
Audi A5,76184,10000,9
BMW X5,44395,22163,4
Audi A5,112934,10000,7
Audi A5,40722,21272,3
BMW X5,70973,24108,5
Mercedez Benz C class,106833,17258,7
BMW X5,15443,44071,1
Audi A5,46383,16166,4
Mercedez Benz C class,81111,10000,6
BMW X5,160003,10000,10
BMW X5,92399,19001,6
Audi A5,77823,12552,5
BMW X5,75491,12223,9
Mercedez Benz C class,131709,10000,9
Audi A5,78597,11776,5
BMW X5,124876,10000,7
Audi A5,105015,10000,6
Audi A5,11979,35942,1
Audi A5,54986,28484,4
BMW X5,65638,22960,6
Audi A5,126938,10000,9
Audi A5,36554,14477,4
Audi A5,107784,10000,10
Audi A5,69230,17389,4
Audi A5,46105,26509,5
Mercedez Benz C class,117658,10000,9
Mercedez Benz C class,26574,32447,2
Mercedez Benz C class,141070,10000,10
Mercedez Benz C class,51499,12591,6
Audi A5,44881,13617,5
BMW X5,65835,29939,4
Mercedez Benz C class,65809,30738,4
Mercedez Benz C class,113273,10000,9
Audi A5,93046,10000,8
Audi A5,112684,10000,10
Audi A5,170894,10000,10
BMW X5,137490,10000,8
BMW X5,123573,10000,9
BMW X5,19369,30175,2
Audi A5,62862,19605,4
Audi A5,25015,27382,2
Mercedez Benz C class,90466,10000,10
Mercedez Benz C class,94779,10000,6
BMW X5,107917,10000,6
Audi A5,64119,19649,4
Mercedez Benz C class,68894,23817,4
Audi A5,12851,32295,1
BMW X5,35107,26795,2
Mercedez Benz C class,64963,25857,4
Mercedez Benz C class,59777,20316,5
Mercedez Benz C class,175617,10000,10
BMW X5,96497,10249,6
Mercedez Benz C class,24729,37324,2
Mercedez Benz C class,102178,10518,6
Audi A5,25175,22901,3
Audi A5,112728,10000,8
Audi A5,163846,10000,10
BMW X5,27017,39120,2
Mercedez Benz C class,83593,14417,5
Mercedez Benz C class,15389,43864,1
Audi A5,110586,10000,8
Audi A5,17878,33901,2
Mercedez Benz C class,47754,24014,4
BMW X5,128084,10000,9
Audi A5,92401,10000,7
BMW X5,70509,10000,7
Mercedez Benz C class,15516,31352,1
BMW X5,107016,10000,10
Mercedez Benz C class,95437,10000,10
Mercedez Benz C class,74958,11752,7
BMW X5,98297,10000,9
BMW X5,17470,37434,1
Audi A5,35383,33969,3
Audi A5,48282,18994,5
BMW X5,106705,10000,9
Mercedez Benz C class,128959,10000,10
BMW X5,43304,33707,3
BMW X5,128187,11528,9
BMW X5,115801,10000,9
Mercedez Benz C class,107006,10000,6
BMW X5,47118,18042,4
Mercedez Benz C class,25336,32346,3
Mercedez Benz C class,96616,16854,6
Mercedez Benz C class,9134,32775,1
Audi A5,62587,18414,4
BMW X5,34522,28072,3
BMW X5,57168,10000,7
Mercedez Benz C class,78571,10000,9
Audi A5,18311,28056,2
Audi A5,48072,31101,3
Audi A5,41763,23469,3
Mercedez Benz C class,155919,10000,9
Audi A5,57196,24133,5
BMW X5,66212,20233,7
Audi A5,130680,13457,8
Mercedez Benz C class,59213,18334,5
BMW X5,12346,43245,1
Audi A5,37557,21184,3
BMW X5,117076,10000,7
Mercedez Benz C class,83676,10537,9
Mercedez Benz C class,82858,10000,8
BMW X5,33692,38483,2
Audi A5,102984,11126,6
BMW X5,53640,25790,5
BMW X5,32918,30187,4
Mercedez Benz C class,126204,10000,9
BMW X5,123087,10000,9
Mercedez Benz C class,38392,20848,4
BMW X5,64325,23709,5
Audi A5,129780,10000,10
Audi A5,112406,10000,8
Mercedez Benz C class,82715,18993,6
Mercedez Benz C class,125633,10000,8
BMW X5,85262,10000,8
BMW X5,108884,14777,7
BMW X5,32263,28820,2
Mercedez Benz C class,20839,36523,2
Audi A5,134434,10000,10
BMW X5,21680,34279,2
BMW X5,96766,14450,6
BMW X5,26287,26001,2
Mercedez Benz C class,62370,10752,7
BMW X5,38015,28461,4
BMW X5,94949,10000,9
Audi A5,15618,44711,1
BMW X5,64699,18146,5
Audi A5,56805,10000,5
BMW X5,61827,29284,4
Mercedez Benz C class,154979,10000,9
Audi A5,95444,10000,10
BMW X5,65118,10000,7
Audi A5,22779,28698,2
BMW X5,33068,34223,2
BMW X5,80652,10000,8
Audi A5,158703,10000,9
Audi A5,97533,10000,9
Audi A5,60316,19610,6
BMW X5,100638,11271,7
Audi A5,55951,10585,6
BMW X5,81808,10000,9
BMW X5,16490,36930,1
BMW X5,16052,34350,1
Mercedez Benz C class,61112,10000,7
BMW X5,89655,10000,9
Mercedez Benz C class,68377,22908,5
BMW X5,103466,10000,9
BMW X5,38439,30913,4
Mercedez Benz C class,90031,15091,7
BMW X5,133216,10000,10
Mercedez Benz C class,31366,28269,3
BMW X5,98161,11380,9
BMW X5,27501,36310,3
Mercedez Benz C class,113377,10000,8
Audi A5,110718,10000,7
Mercedez Benz C class,42965,21480,4
Mercedez Benz C class,75072,26130,5
Mercedez Benz C class,62086,21068,6
Audi A5,69703,10423,7
BMW X5,93158,14257,6
Audi A5,79886,10000,8
BMW X5,80573,14297,5
Mercedez Benz C class,19113,30059,2
Mercedez Benz C class,74145,16491,5
Audi A5,131994,10978,8
BMW X5,12250,34218,1
Mercedez Benz C class,158049,10000,9
Audi A5,88269,10000,10
Audi A5,132846,10000,10
BMW X5,66669,20550,4
BMW X5,59440,24756,5
BMW X5,27336,36650,2
BMW X5,100518,10000,6
BMW X5,33494,23630,3
Audi A5,8435,44237,1
Audi A5,65838,10000,8
BMW X5,53848,32082,4
Mercedez Benz C class,178480,10000,10
Audi A5,48600,32098,3
BMW X5,34390,32349,4
Audi A5,14242,40715,1
Mercedez Benz C class,26701,37373,2
Audi A5,83302,16782,5
Audi A5,100340,10000,6
Audi A5,16102,35227,1
Audi A5,21603,34435,2
Mercedez Benz C class,155379,10000,10
Audi A5,10748,36325,1
BMW X5,53562,16860,6
Audi A5,62078,10047,6
Audi A5,9534,45475,1
Audi A5,78936,23525,5
Audi A5,108288,10000,7
BMW X5,162562,10000,10
Audi A5,92668,12173,8
BMW X5,53898,24399,3
BMW X5,59960,12836,6
Audi A5,153380,10000,10
BMW X5,12731,31508,1
Mercedez Benz C class,156388,10000,10
Mercedez Benz C class,64748,10000,5
Mercedez Benz C class,128499,10000,9
Mercedez Benz C class,53425,31833,3
Audi A5,50344,26025,4
Mercedez Benz C class,81795,14725,5
Audi A5,39894,27458,4
BMW X5,64704,25046,4
Mercedez Benz C class,66993,10000,8
BMW X5,32469,18326,4
BMW X5,152915,10000,9
BMW X5,86177,10000,7
Audi A5,91495,10000,10
Audi A5,82190,10000,7
Mercedez Benz C class,154705,10000,10
Mercedez Benz C class,63025,23504,4
Audi A5,87986,10000,5
BMW X5,141388,10000,9
Mercedez Benz C class,125076,10980,7
BMW X5,40366,27487,4
BMW X5,147367,10000,10
Mercedez Benz C class,87627,10000,9
Mercedez Benz C class,84801,21811,5
Mercedez Benz C class,149981,10000,9
Audi A5,89719,10000,9
Mercedez Benz C class,14856,34409,1
Audi A5,85681,15852,8
Audi A5,98426,10000,7
Mercedez Benz C class,68856,18093,5
Audi A5,80703,24689,6
Mercedez Benz C class,83682,17520,5
Audi A5,41172,29266,4
Audi A5,87312,10000,8
BMW X5,20277,31507,2
BMW X5,104671,14905,7
Audi A5,39528,22689,3
BMW X5,34339,27193,2
BMW X5,16053,44296,1
Audi A5,103566,10000,9
BMW X5,51538,21467,4
Mercedez Benz C class,37553,24416,3
BMW X5,96501,10000,8
Audi A5,122582,10000,9
Mercedez Benz C class,9677,42662,1
BMW X5,74843,10000,9
Audi A5,29533,33298,3
Audi A5,77528,10000,9
BMW X5,157438,10000,9
Mercedez Benz C class,35927,28696,2
BMW X5,23678,33743,2
BMW X5,58741,10000,6
Mercedez Benz C class,28759,32385,3
Audi A5,96952,10000,8
BMW X5,98302,10000,8
BMW X5,64164,16105,5
BMW X5,99673,13445,9
Mercedez Benz C class,43622,24752,3
Audi A5,78647,16159,6
Audi A5,106491,10000,6
Audi A5,53441,20130,4
Mercedez Benz C class,24840,32298,3
BMW X5,139530,10000,8
BMW X5,60952,20265,5
Audi A5,53519,23832,3
BMW X5,50735,31217,3
Mercedez Benz C class,47858,20082,4
Audi A5,17595,36111,1
Mercedez Benz C class,138170,10000,10
BMW X5,123216,10000,9
Mercedez Benz C class,125164,10000,7
BMW X5,135733,10000,10
Audi A5,118909,10000,10
Audi A5,36168,34872,3
Audi A5,104646,10000,9
BMW X5,119461,10000,8
Audi A5,47417,33639,3
BMW X5,116530,10000,10
Mercedez Benz C class,82011,10000,9
BMW X5,71688,26572,4
BMW X5,143396,10000,10
BMW X5,10874,35393,1
Audi A5,59169,14568,6
Audi A5,56206,28950,4
Mercedez Benz C class,16494,41652,2
Mercedez Benz C class,115283,10000,8
Audi A5,22997,27635,2
BMW X5,46993,27616,5
Mercedez Benz C class,52960,26791,4
Audi A5,57005,27079,4
Audi A5,17919,34743,1
BMW X5,35829,29548,3
Mercedez Benz C class,130722,10000,9
Audi A5,153620,10000,9
Audi A5,111926,10000,9
BMW X5,71743,21833,5
Audi A5,115071,10000,8
BMW X5,76095,10000,5
Mercedez Benz C class,32612,29912,3
Mercedez Benz C class,80633,13863,5
Audi A5,47624,21550,5
Audi A5,63167,19572,4
Audi A5,72556,10000,6
Audi A5,50238,17129,6
Mercedez Benz C class,13650,37306,1
BMW X5,165625,10000,10
Mercedez Benz C class,43590,15426,5
BMW X5,122783,10000,9
BMW X5,140480,10000,8
BMW X5,17013,32781,1
BMW X5,18317,35581,2
Audi A5,32712,24301,2
BMW X5,16786,37315,1
Audi A5,79272,15125,7
BMW X5,152388,10000,9
Audi A5,24754,30547,3
BMW X5,28950,34348,3
BMW X5,64776,25229,5
BMW X5,43467,14137,5
Audi A5,56349,20450,5
BMW X5,135910,10000,8
BMW X5,65616,27943,5
Audi A5,141769,10000,9
Audi A5,63970,15238,5
Audi A5,40745,24806,4
Audi A5,40602,16708,5
Mercedez Benz C class,10791,40344,1
Audi A5,55839,10000,6
Mercedez Benz C class,51667,22827,6
Mercedez Benz C class,44137,26811,4
Audi A5,144086,10000,9
Mercedez Benz C class,105585,10000,7
Audi A5,25991,30602,2
BMW X5,17013,34135,1
BMW X5,12923,39959,1
BMW X5,98450,11087,6
Audi A5,50506,10000,6
BMW X5,34342,28443,2
Mercedez Benz C class,127247,10000,9
Audi A5,30043,29958,3
Audi A5,52978,23716,3
Audi A5,22943,38028,2
Audi A5,46936,34397,3
BMW X5,92371,10000,6
Mercedez Benz C class,17076,39831,1
Audi A5,163734,10000,10
Audi A5,77768,15483,7
Mercedez Benz C class,45184,22732,4
Mercedez Benz C class,14436,42549,1
BMW X5,98554,15743,6
Audi A5,121734,10000,10
Audi A5,65703,10000,7
Audi A5,124583,10589,9
BMW X5,127847,10000,8
BMW X5,134506,10000,10
BMW X5,10447,34727,1
BMW X5,95310,11085,6
Mercedez Benz C class,53785,30555,4
Mercedez Benz C class,17348,34887,2
Audi A5,116322,15000,8
Audi A5,92309,10000,8
Mercedez Benz C class,63080,10000,5
Audi A5,97835,12122,8
BMW X5,66899,10000,8
Audi A5,51996,19977,5
BMW X5,140041,10000,8
Audi A5,84138,10000,8
Mercedez Benz C class,54631,16676,5
Audi A5,83171,10000,10
Audi A5,104915,10000,6
Audi A5,131227,10000,9
Mercedez Benz C class,21324,30776,2
Mercedez Benz C class,41928,28394,3
BMW X5,121178,11266,8
Mercedez Benz C class,19200,32435,2
Audi A5,146695,10000,10
BMW X5,42856,26842,4
BMW X5,108855,10000,7
BMW X5,53846,25921,3
BMW X5,105769,10000,9
BMW X5,55169,10000,5
Audi A5,100972,10000,6
Audi A5,126056,10000,8
Mercedez Benz C class,76271,20507,6
Audi A5,146311,10000,10
Mercedez Benz C class,40427,20150,5
Audi A5,102807,10694,8
Mercedez Benz C class,52119,13883,5
Audi A5,105377,10000,9
Audi A5,59999,13399,6
Audi A5,8894,36216,1
Audi A5,90784,10000,6
Audi A5,28675,36134,3
BMW X5,28703,27326,2
BMW X5,164669,10000,10
Mercedez Benz C class,30686,21649,3
BMW X5,141678,10000,9
BMW X5,36770,22412,4
BMW X5,53960,10000,5
Audi A5,54047,12246,5
Mercedez Benz C class,26014,40844,2
Mercedez Benz C class,60254,13016,6
BMW X5,41689,23927,3
Audi A5,104888,10000,10
BMW X5,43443,24286,4
BMW X5,53421,22180,3
BMW X5,12859,30957,1
Mercedez Benz C class,108002,10000,8
BMW X5,96957,10000,9
Mercedez Benz C class,82034,16300,5
BMW X5,97467,10000,10
BMW X5,140109,10000,8
Audi A5,34359,29686,2
Mercedez Benz C class,69002,25690,4
Mercedez Benz C class,44049,24914,3
Mercedez Benz C class,71868,13057,6
Mercedez Benz C class,136557,10000,8
Mercedez Benz C class,27394,29847,2
Mercedez Benz C class,81986,10046,5
BMW X5,49269,23448,3
BMW X5,139531,10000,8
BMW X5,65159,18279,5
Audi A5,80637,10000,9
Mercedez Benz C class,53611,20610,4
BMW X5,54052,25095,6
Audi A5,65606,12847,7
BMW X5,84356,10000,9
Mercedez Benz C class,45530,23409,3
BMW X5,79902,25700,5
Audi A5,73359,10000,7
BMW X5,20685,40494,2
Audi A5,17728,31396,1
BMW X5,111126,10000,10
Mercedez Benz C class,157741,10000,9
Audi A5,33958,32042,2
Mercedez Benz C class,69652,10000,8
Mercedez Benz C class,96395,10000,6
Mercedez Benz C class,21288,38278,2
BMW X5,67739,10000,7
Mercedez Benz C class,122123,10000,8
BMW X5,120237,10000,7
Audi A5,100958,10000,6
Mercedez Benz C class,117936,10000,10
Mercedez Benz C class,93394,10000,7
BMW X5,50885,11682,5
Audi A5,61814,25163,6
Mercedez Benz C class,34722,37879,2
Audi A5,33855,29173,2
Audi A5,41016,22969,4
BMW X5,23314,38659,2
BMW X5,68247,23959,6
Mercedez Benz C class,88914,10000,9
Audi A5,134412,10000,9
Mercedez Benz C class,84116,10000,7
Audi A5,15291,33346,1
Mercedez Benz C class,62585,12343,6
Mercedez Benz C class,18732,29428,2
Audi A5,58209,15618,5
Mercedez Benz C class,64112,17216,6
Audi A5,50001,19723,3
Mercedez Benz C class,146859,10000,10
Audi A5,29289,28332,3
BMW X5,155652,10000,9
Audi A5,66750,10000,8
BMW X5,122922,13142,8
BMW X5,71595,10000,8
BMW X5,35888,37504,2
Mercedez Benz C class,9032,42130,1
BMW X5,13633,41096,1
Mercedez Benz C class,92375,10000,7
BMW X5,69487,17323,5
Audi A5,45807,32277,3
Audi A5,84194,10000,6
Mercedez Benz C class,18734,27380,2
Mercedez Benz C class,129217,10000,8
Mercedez Benz C class,31707,31575,3
BMW X5,51507,10000,6
Mercedez Benz C class,150359,10000,9
Audi A5,46707,23882,5
Mercedez Benz C class,114657,10000,7
Mercedez Benz C class,70193,10564,6
Audi A5,17238,39470,1
Audi A5,151475,10000,10
Mercedez Benz C class,62259,29206,4
Audi A5,139768,10000,8
BMW X5,72989,10000,9
Audi A5,91044,10000,10
Mercedez Benz C class,9555,42093,1
Audi A5,139144,10000,9
Audi A5,39693,28770,3
Audi A5,62765,23446,4
Mercedez Benz C class,13619,31843,1
BMW X5,114896,10000,8
Audi A5,14261,30009,1
Audi A5,54493,10000,6
BMW X5,52974,10000,6
Audi A5,33562,33923,2
Audi A5,45361,33004,3
Mercedez Benz C class,8564,31302,1
BMW X5,16517,41791,1
BMW X5,109522,13354,8
BMW X5,82022,10000,8
Audi A5,98249,10000,10
Mercedez Benz C class,161536,10000,10
BMW X5,20540,35655,2
Audi A5,99316,10000,8
BMW X5,74246,10000,6
Audi A5,124480,10000,8
BMW X5,56372,23408,5
Mercedez Benz C class,70163,16048,4
Mercedez Benz C class,37447,21660,4
Audi A5,84693,10000,8
Audi A5,90619,11677,10
BMW X5,27161,30554,2
BMW X5,22161,37541,2
Audi A5,9871,38896,1
Audi A5,12263,42086,1
Mercedez Benz C class,64984,15638,8
Audi A5,77230,10000,5
BMW X5,118861,10000,9
Audi A5,66011,10000,6
Audi A5,165274,10000,10
BMW X5,83484,18006,6
BMW X5,17180,33311,2
Mercedez Benz C class,9250,31237,1
BMW X5,118166,10008,9
Mercedez Benz C class,46967,30104,4
Mercedez Benz C class,108612,10000,8
Audi A5,172890,10000,10
BMW X5,31042,27823,2
Mercedez Benz C class,24314,37782,2
BMW X5,102825,10000,8
Mercedez Benz C class,75170,10000,7
Mercedez Benz C class,49735,16886,5
Audi A5,18919,29629,2
BMW X5,131772,10000,8
Mercedez Benz C class,78179,18581,5
Mercedez Benz C class,87496,10000,6
Audi A5,31189,23189,2
Audi A5,75768,15853,6
Mercedez Benz C class,78025,10896,8
BMW X5,122847,10000,8
Audi A5,159453,10000,10
Mercedez Benz C class,10813,36406,1
Audi A5,154563,10000,9
Mercedez Benz C class,71649,30509,4
Mercedez Benz C class,99811,10000,6
Audi A5,85320,12906,7
BMW X5,56617,29590,4
BMW X5,47450,22443,3
Mercedez Benz C class,34644,24084,3
Mercedez Benz C class,65655,10000,5
Audi A5,104862,11877,7
Mercedez Benz C class,82563,10000,7
Audi A5,59526,17795,6
BMW X5,47208,26964,3
BMW X5,128238,10000,9
Audi A5,64125,21988,6
Audi A5,138769,10000,9
Mercedez Benz C class,49616,18932,5
Mercedez Benz C class,42202,25213,5
Mercedez Benz C class,36172,34607,3
Audi A5,69914,10000,7
Audi A5,45651,23041,3
BMW X5,76546,10000,9
BMW X5,48042,35361,3
Audi A5,134218,10000,9
Audi A5,19907,33123,2
Mercedez Benz C class,103641,10000,7
Mercedez Benz C class,92101,10000,9
BMW X5,42885,22683,3
Audi A5,28997,39667,2
Mercedez Benz C class,117661,17018,7
BMW X5,9435,34796,1
BMW X5,48738,29060,3
Mercedez Benz C class,108619,10000,9
Audi A5,49052,21862,6
Audi A5,34591,30665,4
BMW X5,24167,33285,3
BMW X5,77448,12579,8
Audi A5,18791,28976,2
Audi A5,48116,29126,3
Audi A5,46233,18319,5
BMW X5,119347,10805,8
Audi A5,78677,10000,9
BMW X5,67773,28166,4
Audi A5,33624,23512,4
Mercedez Benz C class,78589,10073,6
BMW X5,86128,10000,7
Mercedez Benz C class,96366,10000,6
Mercedez Benz C class,71320,19800,6
BMW X5,73514,10000,7
Mercedez Benz C class,10026,30090,1
BMW X5,107426,10000,10
Audi A5,38148,33085,3
Mercedez Benz C class,16294,43095,1
BMW X5,81083,13447,6
Audi A5,43774,20509,4
Audi A5,31081,25668,3
BMW X5,116164,10000,8
Audi A5,170625,10000,10
BMW X5,32561,27069,3
BMW X5,112965,10000,8
Audi A5,37881,30869,4
BMW X5,105076,10000,6
BMW X5,74112,10000,8
Mercedez Benz C class,79256,20962,5
Audi A5,58630,13681,5
Mercedez Benz C class,63462,12717,4
Mercedez Benz C class,60311,10000,7
Mercedez Benz C class,134884,10945,8
Mercedez Benz C class,15899,36331,1
Audi A5,122186,10000,10
Audi A5,60647,19119,4
Audi A5,27054,21620,3
Audi A5,86278,16621,6
Mercedez Benz C class,54000,31024,3
Audi A5,28619,25118,3
Mercedez Benz C class,105323,11504,7
Audi A5,70980,16785,6
BMW X5,34775,37006,2
Audi A5,41253,21372,4
BMW X5,85476,10000,8
Mercedez Benz C class,105368,10000,10
Mercedez Benz C class,91974,11172,8
Audi A5,14802,36047,1
BMW X5,10144,43799,1
Audi A5,150071,10000,9
Audi A5,35312,29921,3
Mercedez Benz C class,127135,10000,10
Audi A5,53945,22700,3
Audi A5,79645,10000,9
Mercedez Benz C class,55177,30972,4
Audi A5,103956,10000,6
Audi A5,96725,10000,10
Audi A5,34493,36787,2
Audi A5,40190,21999,5
Mercedez Benz C class,42112,26951,4
Mercedez Benz C class,68520,18769,5
BMW X5,161096,10000,10
Mercedez Benz C class,59791,14242,6
Audi A5,66360,11136,6
Audi A5,48508,14535,6
Mercedez Benz C class,88104,10000,9
BMW X5,70320,10000,8
Mercedez Benz C class,32596,32044,3
Audi A5,27898,33268,2
Audi A5,42888,12838,4
BMW X5,148870,10000,10
Audi A5,128879,10000,10
Audi A5,98816,10000,8
Audi A5,64088,15652,7
Mercedez Benz C class,62950,10000,6
Audi A5,76755,10000,9
Audi A5,36960,31274,3
Mercedez Benz C class,106586,14601,7
Audi A5,106624,10000,7
Audi A5,107146,10000,10
Audi A5,135997,10000,8
Mercedez Benz C class,76307,10000,9
Audi A5,48047,27471,3
BMW X5,22520,37669,2
BMW X5,115767,10000,9
Mercedez Benz C class,35400,20303,4
Mercedez Benz C class,104831,10000,7
Mercedez Benz C class,42626,20221,3
Audi A5,64085,12572,7
Mercedez Benz C class,68618,27033,4
Mercedez Benz C class,150539,10000,9
Audi A5,104129,10000,8
Mercedez Benz C class,65713,16232,4
Audi A5,89085,25575,5
BMW X5,48095,27467,3
Audi A5,16415,32216,2
Mercedez Benz C class,45891,17778,4
Audi A5,143701,10000,10
Audi A5,13102,34038,1
Mercedez Benz C class,9635,44356,1
BMW X5,140846,10000,8
BMW X5,11517,37997,1
Audi A5,86668,10000,8
BMW X5,63303,14057,7
Audi A5,35255,38765,2
Mercedez Benz C class,11649,40529,1
Audi A5,72427,14334,7
BMW X5,120469,10000,8
Mercedez Benz C class,83377,10000,9
BMW X5,58674,15869,4
Audi A5,153928,10000,10
BMW X5,52055,16737,4
Audi A5,30527,34939,2
BMW X5,103093,16303,8
Mercedez Benz C class,114025,10000,9
Audi A5,132694,10000,8
Mercedez Benz C class,109209,13034,9
BMW X5,89058,10000,10
BMW X5,40481,26393,4
Mercedez Benz C class,113329,10000,8
Audi A5,109265,10000,7
Mercedez Benz C class,100368,10000,8
BMW X5,71494,23185,5
BMW X5,35881,27816,2
Mercedez Benz C class,55038,16053,6
Audi A5,109970,10000,10
Audi A5,116088,10000,10
Audi A5,109229,10000,10
Mercedez Benz C class,10294,33194,1
Mercedez Benz C class,77413,10000,8
Mercedez Benz C class,43805,21732,4
BMW X5,80832,10000,9
Audi A5,16584,39897,1
Audi A5,66232,29730,4
Mercedez Benz C class,78917,10000,8
BMW X5,135379,10000,10
Audi A5,10938,33612,1
BMW X5,65195,28246,4
Mercedez Benz C class,26606,32844,3
BMW X5,56938,16447,7
Mercedez Benz C class,158945,10000,10
BMW X5,74114,15198,5
Mercedez Benz C class,20314,28710,2
BMW X5,17448,37239,1
Audi A5,50052,18966,4
Mercedez Benz C class,16477,33696,1
Audi A5,10108,33704,1
Audi A5,81707,10000,7
Mercedez Benz C class,109578,10000,9
Mercedez Benz C class,30549,32090,3
Audi A5,85458,10000,7
BMW X5,121184,10000,7
Mercedez Benz C class,79626,10000,9
Mercedez Benz C class,52809,29836,4
BMW X5,65809,10000,8
BMW X5,44336,19480,3
BMW X5,69123,10000,7
Audi A5,25308,33544,2
Mercedez Benz C class,33231,31326,2
Audi A5,64184,11580,8
BMW X5,56960,11500,5
Mercedez Benz C class,10344,41288,1
BMW X5,30060,31867,2
BMW X5,82342,18009,5
BMW X5,99996,10622,7
BMW X5,48853,30585,3
Mercedez Benz C class,116491,12754,8
Mercedez Benz C class,47151,14554,5
Mercedez Benz C class,109984,10257,7
Audi A5,83147,10000,9
Audi A5,50933,28095,4
Mercedez Benz C class,63079,13210,5
Mercedez Benz C class,27152,40201,2
Audi A5,45809,23934,4
BMW X5,25863,28669,2
Mercedez Benz C class,32673,25948,4
BMW X5,124031,10000,10
Mercedez Benz C class,75818,14719,6
Audi A5,12206,39756,1
Audi A5,39848,13215,4
BMW X5,49216,22127,5
Audi A5,130949,10000,9
Audi A5,85786,10000,9
BMW X5,119672,10000,9
Audi A5,108648,11851,7
Audi A5,121070,10000,10
BMW X5,84459,10000,7
Audi A5,92769,12683,6
Mercedez Benz C class,87227,10000,8
BMW X5,17345,32126,1
Audi A5,34239,20101,4
Audi A5,70854,27351,4
Mercedez Benz C class,45156,31240,3
Mercedez Benz C class,76720,10000,7
Audi A5,58020,10000,7
Mercedez Benz C class,75536,10000,9
BMW X5,9333,37556,1
BMW X5,72486,10000,9
Mercedez Benz C class,69248,10000,8
BMW X5,40108,25463,3
Mercedez Benz C class,68935,29551,4
Mercedez Benz C class,16163,39581,1
BMW X5,142214,10000,10
Audi A5,61519,10000,7
BMW X5,70446,14820,4
Audi A5,43213,23197,3
Audi A5,75170,10000,7
BMW X5,116969,10000,10
BMW X5,130925,10000,8
Audi A5,86722,10000,8
Mercedez Benz C class,98088,16198,8
Mercedez Benz C class,91896,10000,8
Audi A5,100521,16829,6
Mercedez Benz C class,13477,40382,1
Mercedez Benz C class,75292,13578,6
Mercedez Benz C class,85555,10000,7
BMW X5,114051,10000,10
Mercedez Benz C class,75061,10000,7
BMW X5,125920,10000,9
Audi A5,88298,10285,8
Mercedez Benz C class,70518,21207,4
BMW X5,84592,10000,9
Mercedez Benz C class,17880,31247,1
Mercedez Benz C class,92200,10000,10
BMW X5,89931,12434,6
Audi A5,144163,10000,10
Mercedez Benz C class,57054,10000,6
Mercedez Benz C class,38139,37577,3
Audi A5,106831,10000,6
BMW X5,62645,20398,5
Audi A5,106363,11454,6
Audi A5,93572,10000,8
Mercedez Benz C class,45763,30021,3
Audi A5,75458,10000,9
BMW X5,38501,31292,3
Mercedez Benz C class,137135,10000,10
BMW X5,102895,10000,10
BMW X5,66198,10000,6
Audi A5,87380,10000,10
Mercedez Benz C class,153565,10000,10
Mercedez Benz C class,92193,10000,10
Mercedez Benz C class,38033,19486,4
Mercedez Benz C class,104491,18097,6
Audi A5,170297,10000,10
Audi A5,93926,10000,9
Audi A5,72838,16837,8
Mercedez Benz C class,134587,10000,9
BMW X5,35531,32939,2
BMW X5,11155,43847,1
Audi A5,65263,10000,8
BMW X5,32275,21406,4
Audi A5,15335,35372,1
Mercedez Benz C class,69680,18810,5
BMW X5,19864,36836,2
BMW X5,66857,10000,6
BMW X5,9615,42265,1
Mercedez Benz C class,74578,13783,5
BMW X5,95800,10000,9
Mercedez Benz C class,52584,18156,4
Mercedez Benz C class,85727,16817,7
BMW X5,66657,28385,4
Mercedez Benz C class,11705,40097,1
BMW X5,62722,16477,7
Audi A5,13869,32476,1
BMW X5,100870,10034,7
Mercedez Benz C class,35937,32464,2
BMW X5,19518,40679,2
Audi A5,55886,22894,4
BMW X5,139130,10000,9
BMW X5,128237,10000,8
Mercedez Benz C class,66886,10000,8
BMW X5,10721,31604,1
Audi A5,157669,10000,9
Audi A5,155642,10000,10
Mercedez Benz C class,97759,16090,7
Mercedez Benz C class,153724,10000,9
BMW X5,24909,35183,2
BMW X5,29268,29959,2
Audi A5,85707,12979,5
Mercedez Benz C class,54052,15780,6
BMW X5,176081,10000,10
Mercedez Benz C class,35681,25144,2
BMW X5,9912,33312,1
Mercedez Benz C class,63740,30518,4
Mercedez Benz C class,19299,28321,2
Audi A5,157262,10000,10
Audi A5,43357,18837,3
Mercedez Benz C class,61548,10000,6
BMW X5,17383,37855,2
Mercedez Benz C class,110918,10000,7
Audi A5,83175,21513,5
Mercedez Benz C class,27461,30243,2
Mercedez Benz C class,76898,15016,5
Audi A5,88771,10628,6
Mercedez Benz C class,75382,10000,9
Mercedez Benz C class,63188,30521,4
Audi A5,24339,21903,3
Mercedez Benz C class,96050,10000,7
Mercedez Benz C class,27659,25276,3
Mercedez Benz C class,161871,10000,10
Mercedez Benz C class,144405,10000,9
BMW X5,11708,33569,1
Mercedez Benz C class,79854,13454,5
BMW X5,73126,10000,6
Mercedez Benz C class,23830,35207,2
Mercedez Benz C class,48515,18948,5
Mercedez Benz C class,15253,36394,1
Mercedez Benz C class,20415,35021,2
Audi A5,105996,10000,9
Audi A5,124767,10000,8
Mercedez Benz C class,30641,27083,3
BMW X5,130002,10000,9
BMW X5,90177,10000,9
Audi A5,46986,28183,3
Mercedez Benz C class,30491,33963,3
BMW X5,97640,10000,8
Audi A5,47514,26425,4
Audi A5,59964,22329,6
Audi A5,28422,31308,2
BMW X5,130112,10000,9
BMW X5,30190,35439,2
BMW X5,77033,17092,8
Mercedez Benz C class,56418,15046,6
Audi A5,126019,10000,9
Mercedez Benz C class,119356,10000,7
BMW X5,97571,10000,9
BMW X5,146910,10000,9
BMW X5,77185,10000,7
Mercedez Benz C class,134302,10000,9
Audi A5,87343,21943,5
BMW X5,74892,10000,8
BMW X5,51706,22742,4
BMW X5,80517,10000,9
Audi A5,41939,23335,4
Audi A5,64776,28077,4
BMW X5,87919,13217,6
Audi A5,8187,42419,1
BMW X5,25188,27417,3
BMW X5,42272,16378,5
Mercedez Benz C class,61492,17547,7
BMW X5,10007,42665,1
Audi A5,169920,10000,10
Audi A5,125175,10000,7
Audi A5,136023,10000,8
Audi A5,68345,17941,6
BMW X5,94469,12815,7
Mercedez Benz C class,149974,10000,10
BMW X5,117046,15333,7
BMW X5,79337,14094,8
BMW X5,67705,26946,4
Mercedez Benz C class,111695,10000,7
Audi A5,77533,21662,7
BMW X5,99304,10000,7
BMW X5,106621,19046,6
Audi A5,118560,10000,10
Mercedez Benz C class,88516,10000,8
Audi A5,127699,10000,8
BMW X5,12055,33919,1
Mercedez Benz C class,27692,41415,2
Audi A5,65068,10000,5
Mercedez Benz C class,16170,39185,1
Mercedez Benz C class,17128,31145,2
Audi A5,66327,10000,8
Audi A5,71385,10000,7
Mercedez Benz C class,138420,10000,10
Audi A5,10526,33808,1
BMW X5,73773,16127,5
BMW X5,38163,25781,4
Audi A5,40677,21130,5
Mercedez Benz C class,155598,10000,9
BMW X5,62456,11098,7
Audi A5,8524,38219,1
BMW X5,92475,10000,10
Mercedez Benz C class,156452,10000,10
Mercedez Benz C class,39287,20699,3
Mercedez Benz C class,78076,18249,7
Mercedez Benz C class,84001,11486,10
Audi A5,153385,10000,10
Audi A5,101268,15950,7
Mercedez Benz C class,114516,10000,10
Mercedez Benz C class,129495,10000,9
BMW X5,161254,10000,10
Audi A5,26268,31407,3
BMW X5,22937,37436,2
Mercedez Benz C class,151350,10000,10
Mercedez Benz C class,109439,10000,7
BMW X5,17276,41509,2
Mercedez Benz C class,68325,22196,5
Audi A5,58004,20378,4
Mercedez Benz C class,168693,10000,10
BMW X5,117024,12924,7
Mercedez Benz C class,44954,23620,4
Mercedez Benz C class,52302,31958,4
Mercedez Benz C class,129509,10000,8
BMW X5,49227,27896,3
BMW X5,34722,20989,3
BMW X5,53389,23037,4
Audi A5,89669,23948,5
BMW X5,88328,10000,6
BMW X5,113826,10000,7
Mercedez Benz C class,60434,14960,4
Audi A5,155192,10000,10
BMW X5,51798,10000,5
Mercedez Benz C class,115548,10000,9
Audi A5,33199,29101,4
Audi A5,15854,45601,1
BMW X5,64594,13101,4
BMW X5,81058,10000,9
BMW X5,86371,10000,5
Audi A5,68257,10000,6
BMW X5,32315,26664,4
BMW X5,116445,10000,9
Mercedez Benz C class,51369,10000,6
BMW X5,12319,36418,1
Audi A5,109219,10000,10
BMW X5,94441,15895,6
Audi A5,52891,24830,6
BMW X5,39061,17364,4
Mercedez Benz C class,15443,30105,1
BMW X5,57082,17909,4
Mercedez Benz C class,34569,23802,4
Mercedez Benz C class,87715,14836,5
Audi A5,61715,10980,7
BMW X5,62741,15641,6
Audi A5,101474,10000,7
BMW X5,9065,45772,1
BMW X5,25254,36732,3
BMW X5,16049,26011,2
Audi A5,101635,10000,7
Mercedez Benz C class,8461,42657,1
BMW X5,33669,24869,2
Mercedez Benz C class,8458,34195,1
Audi A5,102719,10000,8
Mercedez Benz C class,122974,10000,8
BMW X5,27097,35392,3
Audi A5,49515,33619,3
Mercedez Benz C class,157970,10000,10
Mercedez Benz C class,14358,40819,1
Audi A5,90508,10000,10
Audi A5,70763,10000,5
Mercedez Benz C class,113245,12276,7
Mercedez Benz C class,106941,14456,7
Audi A5,163550,10000,10
Mercedez Benz C class,80432,17630,6
BMW X5,95110,20977,6
Audi A5,109824,10000,10
Audi A5,81377,22574,5
Audi A5,25633,31663,2
Mercedez Benz C class,37370,29187,3
Audi A5,126212,10000,10
BMW X5,171948,10000,10
Audi A5,39204,35560,3
Audi A5,115528,10000,8
Audi A5,15230,40677,1
Mercedez Benz C class,39048,28749,3
BMW X5,10679,33012,1
BMW X5,79984,19919,5
Mercedez Benz C class,13550,42244,1
BMW X5,68208,10000,7
BMW X5,150366,10000,10
Mercedez Benz C class,61674,16100,5
BMW X5,94637,10000,10
BMW X5,33935,31202,3
BMW X5,13670,43898,1
Audi A5,96760,10000,9
Mercedez Benz C class,70623,13249,7
Audi A5,64679,10000,8
BMW X5,28613,34479,3
Mercedez Benz C class,16416,40078,1
BMW X5,18535,40437,2
Audi A5,81558,10000,6
Audi A5,13605,39997,1
Mercedez Benz C class,140523,10000,8
Audi A5,91887,10000,9
Mercedez Benz C class,59529,11252,7
BMW X5,56423,22318,4
Mercedez Benz C class,130015,10000,9
BMW X5,21725,38068,2
Mercedez Benz C class,27114,33687,2
BMW X5,32392,24814,4
Audi A5,78120,10000,7
BMW X5,24550,20145,3
Mercedez Benz C class,72604,21832,5
BMW X5,102754,10000,10
BMW X5,95232,10000,10
Mercedez Benz C class,56777,21105,7
BMW X5,50630,23300,5
BMW X5,52918,13493,6
Mercedez Benz C class,98102,10000,8
Mercedez Benz C class,57167,16881,5
Audi A5,33286,31615,3
BMW X5,139282,10000,8
Mercedez Benz C class,153699,10000,10
Mercedez Benz C class,154640,10000,9
Mercedez Benz C class,47729,24416,3
Mercedez Benz C class,83217,10000,9
Audi A5,24416,38086,2
Mercedez Benz C class,8241,41782,1
Audi A5,9079,37566,1
Mercedez Benz C class,78782,22008,5
BMW X5,108066,10000,9
Mercedez Benz C class,151022,10000,10
Mercedez Benz C class,115352,11417,7
Audi A5,101987,10000,7
Mercedez Benz C class,154553,10000,9
Mercedez Benz C class,83901,10000,8
BMW X5,160078,10000,9
Mercedez Benz C class,17239,33508,2
BMW X5,102517,10000,6
BMW X5,117006,10000,8
Audi A5,41885,28261,3
Mercedez Benz C class,67207,10936,5
BMW X5,116773,10000,10
Mercedez Benz C class,152820,10000,9
Mercedez Benz C class,53230,10965,6
Mercedez Benz C class,55355,17196,4
Audi A5,8446,38303,1
Audi A5,36590,22214,3
BMW X5,17022,37015,2
Mercedez Benz C class,109768,10000,9
Audi A5,119219,10000,8
Mercedez Benz C class,25578,26553,2
Audi A5,8146,41113,1
Mercedez Benz C class,86249,14769,6
BMW X5,71702,15046,5
Audi A5,81023,26349,5
BMW X5,57533,10000,7
BMW X5,16281,29009,2
Audi A5,38064,31799,4
Audi A5,34062,29665,2
Mercedez Benz C class,164061,10000,10
Mercedez Benz C class,82336,15004,5
Audi A5,105161,18816,7
Mercedez Benz C class,115366,10000,7
BMW X5,39260,30528,3
BMW X5,71786,10000,7
Mercedez Benz C class,139948,10000,10
BMW X5,17648,41299,1
Audi A5,107816,10000,9
Audi A5,137417,10000,8
Audi A5,140099,10000,8
Mercedez Benz C class,135396,10000,10
BMW X5,120924,10213,7
BMW X5,16372,34693,1
BMW X5,52055,10000,6
Audi A5,9075,34477,1
BMW X5,44863,34358,3
Mercedez Benz C class,35828,32182,2
BMW X5,69632,10000,6
BMW X5,101071,10000,9
Audi A5,148659,10000,10
Mercedez Benz C class,71588,13520,7
Mercedez Benz C class,106219,10000,6
BMW X5,43914,13345,4
BMW X5,79176,13911,7
Mercedez Benz C class,43965,25341,5
BMW X5,127046,10000,8
Mercedez Benz C class,127086,10000,9
Audi A5,88826,12138,5
BMW X5,101293,10000,8
Mercedez Benz C class,56280,11966,5
Audi A5,48993,23026,3
BMW X5,140370,10000,8
Mercedez Benz C class,106012,10000,9
Audi A5,83371,10000,10
Mercedez Benz C class,59280,11515,7
Audi A5,154239,10000,9
BMW X5,83993,19954,5
Audi A5,118229,10000,7
Audi A5,138086,10000,10
Audi A5,82968,23617,6
Audi A5,138576,10000,10
BMW X5,138063,10000,9
Mercedez Benz C class,107454,10000,8
BMW X5,17039,36688,2
Audi A5,35240,36160,2
Audi A5,133614,10000,9
Audi A5,82321,10000,7
Audi A5,61895,28147,4
BMW X5,160903,10000,10
Audi A5,107313,10000,7
Audi A5,72952,16855,6
Audi A5,106018,10000,6
BMW X5,19102,36230,2
Mercedez Benz C class,119944,10000,8
Mercedez Benz C class,63533,13473,6
Mercedez Benz C class,30134,36124,2
Audi A5,126420,10000,9
Audi A5,60139,10000,7
BMW X5,137867,10000,9
Audi A5,112330,10000,7
BMW X5,11590,31975,1
BMW X5,102221,10000,9
BMW X5,51769,22249,4
BMW X5,13431,44662,1
BMW X5,48035,25651,5
Mercedez Benz C class,90098,10000,8
Audi A5,32895,28600,2
BMW X5,9237,32179,1
Mercedez Benz C class,36947,30621,4
BMW X5,103211,10000,9
Audi A5,16868,29652,1
BMW X5,61649,25931,5
Mercedez Benz C class,157787,10000,10
BMW X5,43351,18894,5
Audi A5,84129,14262,7
BMW X5,22588,37128,2
Audi A5,40639,26507,4
BMW X5,17019,39213,2
BMW X5,40000,24064,3
Mercedez Benz C class,51377,20438,3
Mercedez Benz C class,88505,23302,5
Audi A5,9203,42028,1
Audi A5,57105,10550,7
Audi A5,17221,37862,1
Audi A5,163011,10000,10
Audi A5,170760,10000,10
Audi A5,80937,17451,7
Mercedez Benz C class,106460,12239,7
Audi A5,21176,30835,2
BMW X5,30596,25301,3
Audi A5,36909,14343,4
BMW X5,72147,10000,6
Audi A5,17508,38725,2
BMW X5,35647,24728,4
Mercedez Benz C class,127460,10000,10
BMW X5,35571,40269,2
Audi A5,102164,10000,6
Mercedez Benz C class,12184,44963,1
Mercedez Benz C class,76890,12760,8
Audi A5,143398,10000,10
BMW X5,50532,23866,4
Audi A5,35401,26903,3
Mercedez Benz C class,49415,23391,4
BMW X5,10225,42726,1
Audi A5,67720,10000,8
BMW X5,98647,10000,6
BMW X5,95428,10000,7
Mercedez Benz C class,83836,10000,9
Mercedez Benz C class,74893,14186,6
Mercedez Benz C class,30048,31102,2
BMW X5,109777,10000,9
BMW X5,107687,10000,10
Audi A5,131487,10000,10
BMW X5,60404,23263,6
Audi A5,12189,39056,1
Audi A5,115678,10000,8
BMW X5,62056,22233,5
BMW X5,116595,10000,7
Audi A5,30823,27407,2
Mercedez Benz C class,32420,37648,2
BMW X5,139486,10000,10
BMW X5,99632,10000,7
Audi A5,45628,25695,3
BMW X5,100955,15265,6
Mercedez Benz C class,89455,19188,5
Mercedez Benz C class,38203,29951,3
BMW X5,40645,23056,4
BMW X5,31827,24335,3
Audi A5,80905,10000,10
BMW X5,50151,29049,3
Mercedez Benz C class,75861,18269,5
Mercedez Benz C class,30562,21261,3
Mercedez Benz C class,50495,20672,5
Mercedez Benz C class,37776,23169,4
BMW X5,138815,10000,8
Audi A5,50916,28915,3
Audi A5,11860,43254,1
Mercedez Benz C class,33197,25022,3
Mercedez Benz C class,128954,10000,9
BMW X5,94590,10000,6
Mercedez Benz C class,86289,10000,10
BMW X5,55216,29830,4
BMW X5,156456,10000,9
BMW X5,61091,18022,4
Mercedez Benz C class,89895,10741,6
BMW X5,42831,23128,4
Audi A5,13525,32712,1
Mercedez Benz C class,91657,10000,7
Audi A5,40325,19311,5
Mercedez Benz C class,20117,27949,2
Audi A5,78418,10000,8
Mercedez Benz C class,35520,18705,4
BMW X5,82717,10000,9
Mercedez Benz C class,46855,13742,5
Audi A5,156415,10000,10
BMW X5,76739,10000,8
Audi A5,105583,10000,8
Mercedez Benz C class,69811,14114,6
BMW X5,115428,10000,9
BMW X5,33241,29208,2
Mercedez Benz C class,68476,23689,4
BMW X5,109884,10000,9
Audi A5,108925,10000,7
Audi A5,54690,10919,6
BMW X5,98669,10000,8
Mercedez Benz C class,148025,10000,10
BMW X5,10149,42429,1
BMW X5,66518,16384,4
Mercedez Benz C class,30770,41618,2
Mercedez Benz C class,45071,26576,3
Audi A5,128909,10000,9
Mercedez Benz C class,62228,16777,5
Mercedez Benz C class,32481,29439,4
Audi A5,13610,33263,1
Audi A5,10289,37906,1
Mercedez Benz C class,38323,23276,4
Audi A5,9590,43101,1
Mercedez Benz C class,98874,10000,8
BMW X5,70125,15786,5
Audi A5,58985,18752,5
Mercedez Benz C class,101706,10000,8
BMW X5,36357,18418,3
Mercedez Benz C class,58219,13179,6
Mercedez Benz C class,80872,10000,8
Audi A5,23532,27764,2
Mercedez Benz C class,12497,31401,1
BMW X5,12337,31691,1
Audi A5,55897,14566,6
Mercedez Benz C class,79124,10000,7
Mercedez Benz C class,96030,16593,8
Audi A5,133836,10000,10
Audi A5,15592,39764,1
Mercedez Benz C class,80592,20576,5
BMW X5,80645,12855,6
Mercedez Benz C class,21805,36753,2
BMW X5,41161,35145,3
Mercedez Benz C class,30484,35748,2
Audi A5,150615,10000,10
Audi A5,88122,10000,6
BMW X5,53990,22568,3
BMW X5,100232,10000,9
BMW X5,79222,10000,8
BMW X5,45878,20290,4
Audi A5,12671,44889,1
Audi A5,49764,24574,4
Audi A5,41410,31154,3
BMW X5,170120,10000,10
BMW X5,100119,10000,7
BMW X5,152033,10000,9
Audi A5,125558,10000,7
Audi A5,176243,10000,10
BMW X5,17450,44826,1
Audi A5,127487,10000,10
Mercedez Benz C class,51118,25355,5
Mercedez Benz C class,73500,17152,7
Mercedez Benz C class,135897,10000,10
Audi A5,33907,22046,4
BMW X5,91419,10000,8
BMW X5,57059,19183,5
Audi A5,97452,12800,10
Mercedez Benz C class,144295,10000,9
BMW X5,81142,10000,10
Mercedez Benz C class,85992,10000,10
Mercedez Benz C class,67711,12722,5
BMW X5,61867,10728,7
Mercedez Benz C class,89015,10000,9
Mercedez Benz C class,64381,30980,4
Audi A5,111736,10000,8
BMW X5,30467,38574,2
Audi A5,52184,31654,3
Mercedez Benz C class,148897,10000,10
Mercedez Benz C class,88625,22225,5
Mercedez Benz C class,59511,22053,4
BMW X5,149699,10000,9
Mercedez Benz C class,88034,10000,9
BMW X5,95552,10000,7
BMW X5,11368,42925,1
BMW X5,52307,30277,4
Audi A5,83578,13871,6
Audi A5,81463,15995,5
Mercedez Benz C class,89531,10000,7
Audi A5,72353,10000,8
Audi A5,74998,10000,9
BMW X5,36554,16737,4
Audi A5,87068,10000,7
BMW X5,17079,30433,2
Mercedez Benz C class,42192,29049,4
BMW X5,109868,10000,10
Audi A5,67054,10000,7
Audi A5,156156,10000,10
Mercedez Benz C class,113275,10000,8
BMW X5,43855,28599,4
Mercedez Benz C class,13428,39783,1
Audi A5,53367,11192,6
Mercedez Benz C class,78136,10000,9
BMW X5,99552,10000,8
BMW X5,26748,37054,3
Mercedez Benz C class,165051,10000,10
Audi A5,23489,37785,2
Mercedez Benz C class,71867,14249,7
Mercedez Benz C class,11632,34228,1
BMW X5,9481,39496,1
Mercedez Benz C class,39558,26136,3
Audi A5,24990,28253,2
Mercedez Benz C class,85127,10000,7
Audi A5,37056,21174,4
Mercedez Benz C class,155109,10000,10
Mercedez Benz C class,92581,10000,9
Audi A5,17024,42201,1
BMW X5,133600,10000,9
BMW X5,142828,10000,9
Mercedez Benz C class,68989,10000,8
Audi A5,126591,10000,8
Audi A5,58249,10394,7
Audi A5,135542,10000,8
BMW X5,52110,20350,4
Audi A5,146212,10000,9
Audi A5,16680,36618,1
Mercedez Benz C class,34409,34969,2
Audi A5,64261,24947,4
Audi A5,44178,27797,4
Audi A5,36413,28695,4
BMW X5,42157,20691,4
BMW X5,101859,10000,6
BMW X5,63841,20540,4
BMW X5,38976,21391,4
BMW X5,67494,10000,6
BMW X5,106161,10000,8
Mercedez Benz C class,99790,13218,6
Audi A5,13617,41914,1
BMW X5,41155,29245,3
Audi A5,142096,10000,8
BMW X5,29407,26216,2
BMW X5,75397,15447,6
Mercedez Benz C class,27089,37915,2
BMW X5,60578,16896,4
BMW X5,135195,10000,8
Audi A5,107256,10000,8
Mercedez Benz C class,24379,24204,3
Mercedez Benz C class,126927,10000,10
Mercedez Benz C class,139391,10000,9
BMW X5,68261,18054,5
BMW X5,57252,10522,6
Audi A5,15067,38422,1
Mercedez Benz C class,142694,10000,9
Audi A5,54041,14512,4
BMW X5,72778,14057,6
Mercedez Benz C class,100871,10000,8
Audi A5,8696,44935,1
Mercedez Benz C class,26575,23101,3
Audi A5,92728,10000,9
Mercedez Benz C class,47305,13256,5
BMW X5,150954,10000,10
BMW X5,81076,10000,10
BMW X5,146336,10000,9
Audi A5,95695,10000,6
Audi A5,87645,10000,9
Mercedez Benz C class,16351,35018,1
Mercedez Benz C class,51082,33075,3
Mercedez Benz C class,122577,10000,8
BMW X5,13656,42220,1
BMW X5,71271,10000,5
Audi A5,12970,36707,1
BMW X5,25936,32731,2
BMW X5,94934,14980,6
Audi A5,86488,10000,8
Mercedez Benz C class,168057,10000,10
Audi A5,73088,10000,7
Audi A5,62249,16745,4
Mercedez Benz C class,82563,10000,7
Mercedez Benz C class,112037,10388,7
BMW X5,16353,31663,1
BMW X5,25727,28359,2
Audi A5,45714,18647,4
Audi A5,88142,14719,8
Mercedez Benz C class,70998,10000,5
BMW X5,125038,10000,7
Mercedez Benz C class,33717,21521,4
Audi A5,82564,10000,9
Audi A5,133621,10000,8
Audi A5,59481,20923,6
BMW X5,72723,11775,9
BMW X5,54472,10000,6
Mercedez Benz C class,9660,42742,1
Audi A5,67805,14055,7
Mercedez Benz C class,63322,10000,7
BMW X5,13952,43665,1
Audi A5,53162,23145,4
Mercedez Benz C class,43079,23494,3
Audi A5,14256,46229,1
Audi A5,124142,10000,9
Audi A5,58796,10884,6
BMW X5,57436,30039,4
Audi A5,40080,33361,3
Audi A5,108201,10000,7
Audi A5,29210,25389,2
Audi A5,81356,10000,10
Mercedez Benz C class,114448,10000,10
BMW X5,17328,36557,1
Audi A5,148891,10000,9
Mercedez Benz C class,53284,26013,5
BMW X5,138837,10000,8
Mercedez Benz C class,52528,13151,4
Mercedez Benz C class,69606,18710,5
Audi A5,99307,11862,6
BMW X5,33701,30179,2
Audi A5,22886,36066,2
Mercedez Benz C class,150802,10000,10
BMW X5,50893,28321,3
BMW X5,161824,10000,9
Audi A5,25721,26302,2
Mercedez Benz C class,109979,10000,10
BMW X5,42914,16081,5
Audi A5,61034,20841,6
Mercedez Benz C class,116159,10000,8
Audi A5,90986,10000,8
Audi A5,48701,10000,6
BMW X5,115976,19614,7
Mercedez Benz C class,125281,10000,7
Mercedez Benz C class,113269,14332,7
Mercedez Benz C class,123918,10000,9
Mercedez Benz C class,128089,10000,10
Mercedez Benz C class,59260,21639,5
BMW X5,93386,10000,8
Audi A5,160444,10000,9
Audi A5,75704,18532,8
BMW X5,94948,10000,7
BMW X5,35614,28863,4
Mercedez Benz C class,26891,31131,3
BMW X5,106247,10753,6
Audi A5,109293,10000,10
BMW X5,59808,22140,4
BMW X5,94240,10000,7
BMW X5,14351,35421,1
BMW X5,9068,38550,1
BMW X5,66957,20430,6
Audi A5,52597,22843,3
Audi A5,78952,12829,6
BMW X5,134829,10000,9
Audi A5,126693,10000,8
Mercedez Benz C class,24207,29970,3
BMW X5,11536,34878,1
BMW X5,65489,10000,8
BMW X5,32301,27709,4
Mercedez Benz C class,11559,35238,1
Mercedez Benz C class,9927,36428,1
BMW X5,81368,10000,5
Mercedez Benz C class,105313,10000,7
Audi A5,34316,28649,2
BMW X5,46335,18392,5
Mercedez Benz C class,57838,21270,5
BMW X5,76889,10000,6
Mercedez Benz C class,80145,10000,6
BMW X5,56467,29195,4
Audi A5,32691,37146,2
Mercedez Benz C class,43926,14720,5
Mercedez Benz C class,88342,10000,8
BMW X5,105627,10000,6
Mercedez Benz C class,16261,45125,1
BMW X5,98787,11005,7
Mercedez Benz C class,11013,36590,1
Audi A5,93894,11325,7
BMW X5,58725,29130,4
BMW X5,104676,10000,7
BMW X5,111053,16207,7
BMW X5,69452,14125,7
Audi A5,79187,10000,8
Mercedez Benz C class,152904,10000,10
BMW X5,11710,42982,1
Audi A5,101068,10000,8
BMW X5,34687,24180,4
Audi A5,157813,10000,9
BMW X5,147736,10000,10
Mercedez Benz C class,79611,23726,5
Audi A5,79137,14460,7
BMW X5,172335,10000,10
BMW X5,22522,32383,2
BMW X5,37176,32501,3
Audi A5,46735,21284,3
BMW X5,71649,10000,7
Mercedez Benz C class,15728,43554,1
BMW X5,9184,37167,1
BMW X5,25921,29674,3
BMW X5,103253,10000,6
Mercedez Benz C class,51111,32022,3
Mercedez Benz C class,109887,12532,7
Audi A5,8202,43352,1
BMW X5,39933,27895,3
Audi A5,164894,10000,10
BMW X5,153632,10000,9
Mercedez Benz C class,42771,32459,3
Audi A5,15504,40425,1
Mercedez Benz C class,140897,10000,8
Audi A5,9376,43272,1
BMW X5,93037,10000,9
Audi A5,80976,10000,6
Mercedez Benz C class,22528,37915,2
BMW X5,55582,31678,4
BMW X5,11666,39700,1
BMW X5,79918,18403,6
Audi A5,21082,30315,2
Mercedez Benz C class,127190,10000,9
Audi A5,56395,10000,6
BMW X5,102848,10000,8
Audi A5,174863,10000,10
Audi A5,130138,10000,10
Mercedez Benz C class,21931,28331,2
Mercedez Benz C class,33252,25881,2
Mercedez Benz C class,88152,10000,10
BMW X5,57973,30134,4
Mercedez Benz C class,45310,35633,3
Mercedez Benz C class,60458,19495,5
Mercedez Benz C class,21415,29644,2
BMW X5,135128,10000,10
Mercedez Benz C class,36238,27909,4
BMW X5,51045,10000,6
Audi A5,156906,10000,9
Audi A5,40680,27829,3
BMW X5,64258,10000,8
Mercedez Benz C class,18984,29480,2
Mercedez Benz C class,125807,10000,10
BMW X5,104450,10000,7
BMW X5,46497,20374,4
Audi A5,17641,34249,1
Mercedez Benz C class,138994,10000,9
Audi A5,123675,10000,8
Mercedez Benz C class,89477,16938,6
Mercedez Benz C class,32701,28017,2
Audi A5,10134,38742,1
Mercedez Benz C class,10972,41067,1
BMW X5,77196,22334,5
Audi A5,126707,10000,8
Mercedez Benz C class,160557,10000,10
Mercedez Benz C class,82703,10000,6
Mercedez Benz C class,15316,45357,1
Audi A5,159781,10000,10
Audi A5,155865,10000,9
Audi A5,104000,10000,8
BMW X5,94704,10000,6
Audi A5,103200,10000,10
Mercedez Benz C class,119997,10000,9
Mercedez Benz C class,12857,40369,1
Mercedez Benz C class,22092,29152,2
Mercedez Benz C class,12000,38803,1
BMW X5,114733,10000,10
Audi A5,84683,18653,5
Audi A5,11831,36717,1
Mercedez Benz C class,21014,26054,2
Mercedez Benz C class,76343,10000,7
Mercedez Benz C class,48245,20828,3
BMW X5,34262,28630,3
BMW X5,37243,15497,4
Audi A5,76712,10000,6
BMW X5,87788,17724,7
Mercedez Benz C class,39047,30623,3
Mercedez Benz C class,26889,29162,2
Mercedez Benz C class,72961,10000,7
BMW X5,28423,36969,2
Audi A5,81007,10000,7
Mercedez Benz C class,110269,10000,9
Audi A5,82075,10000,8
Audi A5,91985,10000,6
BMW X5,82436,10000,6
Audi A5,15361,40746,1
Mercedez Benz C class,135186,11525,8
Mercedez Benz C class,124635,10000,10
Mercedez Benz C class,113715,10000,8
Audi A5,64780,20546,5
Audi A5,97281,10000,7
BMW X5,63606,15451,4
BMW X5,41191,27772,5
Mercedez Benz C class,8519,35563,1
BMW X5,68890,16317,6
Audi A5,48159,33256,3
Audi A5,111539,10000,10
Audi A5,67803,28737,5
Mercedez Benz C class,16659,36689,1
Mercedez Benz C class,160428,10000,10
Audi A5,171799,10000,10
BMW X5,44955,19406,4
Audi A5,125779,10000,7
BMW X5,20199,25818,2
Mercedez Benz C class,26710,26658,2
Audi A5,118176,10000,7
Mercedez Benz C class,11611,41701,1
BMW X5,119301,10000,10
Mercedez Benz C class,68344,10000,8
Audi A5,92424,10000,8
Mercedez Benz C class,98602,11676,6
BMW X5,51237,29736,4
Mercedez Benz C class,62597,21231,4
BMW X5,33872,33398,2
Mercedez Benz C class,59056,12755,5
Audi A5,13823,41183,1
BMW X5,88147,10000,9
Mercedez Benz C class,91476,13064,6
Mercedez Benz C class,77008,15679,6
BMW X5,72396,10000,8
Mercedez Benz C class,88871,10000,6
Mercedez Benz C class,12083,31352,1
BMW X5,94904,10000,8
Audi A5,56758,10000,7
Audi A5,120239,10000,10
Audi A5,30655,25565,2
BMW X5,77348,16019,5
Mercedez Benz C class,24867,26761,2
Mercedez Benz C class,24833,28586,3
BMW X5,84670,10000,9
Mercedez Benz C class,9892,33178,1
BMW X5,53136,15956,4
Audi A5,117146,10000,10
Audi A5,102260,20352,6
BMW X5,55335,19400,6
BMW X5,28813,28821,2
BMW X5,16429,35944,1
BMW X5,67190,23309,4
Audi A5,61560,19105,5
BMW X5,41347,26164,4
BMW X5,47117,23165,4
Audi A5,39386,29591,3
Mercedez Benz C class,38446,19345,4
Mercedez Benz C class,61991,10000,7
Mercedez Benz C class,102258,10000,8
BMW X5,42179,30890,3
BMW X5,37784,31252,3
BMW X5,101430,11466,8
BMW X5,97828,10000,8
Mercedez Benz C class,53265,21532,5
Mercedez Benz C class,18283,28639,2
Audi A5,75619,18903,8
Audi A5,46200,21579,4
Mercedez Benz C class,14735,38031,1
Audi A5,18033,33810,2
Mercedez Benz C class,46333,21946,3
Audi A5,129060,10000,8
Mercedez Benz C class,48468,23967,4
Audi A5,100048,10000,10
Audi A5,47358,15589,5
Mercedez Benz C class,98436,10000,8
BMW X5,152944,10000,9
Mercedez Benz C class,65057,21251,4
BMW X5,66179,15127,5
BMW X5,44476,29865,4
Audi A5,11060,35974,1
BMW X5,83820,23027,7
BMW X5,84314,24535,5
BMW X5,124761,10000,7
BMW X5,47108,12188,5
Mercedez Benz C class,84447,17010,6
Audi A5,48699,14788,4
Mercedez Benz C class,32003,27587,2
BMW X5,52342,10000,6
BMW X5,165008,10000,10
BMW X5,124053,10000,7
BMW X5,77331,17345,6
BMW X5,137338,10000,9
Mercedez Benz C class,171145,10000,10
Mercedez Benz C class,28848,30802,2
Audi A5,59130,17049,5
BMW X5,65289,16686,5
BMW X5,67958,26241,4
Audi A5,99292,10000,8
BMW X5,74902,10000,7
Audi A5,89597,19440,6
BMW X5,75543,10000,8
Mercedez Benz C class,45980,17727,4
BMW X5,51962,32064,3
BMW X5,74977,23295,5
Audi A5,35360,27971,3
Mercedez Benz C class,83959,10000,8
Audi A5,35792,24728,4
Mercedez Benz C class,110992,10000,9
Audi A5,97966,10000,7
BMW X5,43803,12876,5
BMW X5,142406,10000,10
BMW X5,115984,10000,8
Mercedez Benz C class,67205,10000,6
BMW X5,105812,10000,7
Mercedez Benz C class,71407,21091,5
Audi A5,71169,29025,4
Mercedez Benz C class,56278,28455,4
Audi A5,17232,34456,1
Audi A5,55466,27487,5
Mercedez Benz C class,153726,10000,10
BMW X5,51252,17417,6
Mercedez Benz C class,67083,22887,5
Audi A5,70739,10000,7
Audi A5,89190,17118,6
Mercedez Benz C class,72527,10000,7
Audi A5,69703,10000,6
Audi A5,58222,12719,6
BMW X5,30196,24627,2
Mercedez Benz C class,87488,10000,8
Mercedez Benz C class,8131,39206,1
BMW X5,30566,30856,2
BMW X5,40269,14191,4
Mercedez Benz C class,43259,20432,3
Mercedez Benz C class,64850,18854,6
BMW X5,96292,10000,8
BMW X5,98771,10000,8
BMW X5,84425,18754,5
Audi A5,13234,30012,1
BMW X5,141675,10000,10
Mercedez Benz C class,70080,20358,5
Mercedez Benz C class,93133,10000,7
Mercedez Benz C class,13819,38769,1
Audi A5,22285,37650,2
Audi A5,62585,15112,4
Mercedez Benz C class,40796,12817,4
BMW X5,131500,10000,9
BMW X5,141650,10000,9
Mercedez Benz C class,45052,29747,3
BMW X5,44103,28572,4
Audi A5,113357,10000,10
Audi A5,42710,17487,5
Audi A5,76193,11783,9
BMW X5,32711,26334,4
BMW X5,49350,20159,4
Audi A5,107872,10000,10
Audi A5,70444,10000,7
Audi A5,39169,23715,4
Mercedez Benz C class,80358,10373,7
BMW X5,50673,20421,3
Mercedez Benz C class,62677,17114,7
Mercedez Benz C class,51997,20879,5
Mercedez Benz C class,87300,17807,5
BMW X5,69520,11693,5
Mercedez Benz C class,104211,15351,6
Mercedez Benz C class,15798,38470,1
Mercedez Benz C class,100362,10000,10
BMW X5,45204,27470,4
Audi A5,124562,10000,7
Audi A5,44349,28200,3
Audi A5,27626,25353,3
BMW X5,59590,27227,4
Audi A5,13640,33371,1
BMW X5,8271,36954,1
Mercedez Benz C class,40186,19095,4
BMW X5,178777,10000,10
Audi A5,11841,37734,1
Mercedez Benz C class,78578,10000,6
Mercedez Benz C class,92917,16725,8
Mercedez Benz C class,27700,31657,3
BMW X5,21419,33297,2
BMW X5,44086,25697,4
Audi A5,72986,14169,7
Audi A5,128715,10000,8
Mercedez Benz C class,12545,42639,1
Mercedez Benz C class,89142,10000,10
BMW X5,8055,36345,1
Mercedez Benz C class,83948,10000,10
Audi A5,41332,20686,5
Audi A5,61730,11917,5
BMW X5,89650,10000,8
Mercedez Benz C class,41412,33838,3
Audi A5,61613,16175,7
Audi A5,99349,10000,8
Audi A5,79618,10000,9
Audi A5,142130,10000,10
Audi A5,45434,19561,4
BMW X5,101207,10510,7
Mercedez Benz C class,47916,25924,3
Mercedez Benz C class,66481,32382,4
BMW X5,48523,26570,4
Audi A5,13366,45482,1
Mercedez Benz C class,46041,24164,5
BMW X5,110375,10000,7
BMW X5,177113,10000,10
Mercedez Benz C class,124047,10000,10
BMW X5,33258,32623,3
Mercedez Benz C class,59420,22083,5
Mercedez Benz C class,39692,22371,3
Audi A5,163490,10000,10
Mercedez Benz C class,68833,22162,4
Mercedez Benz C class,87650,17360,5
BMW X5,120261,10000,7
Audi A5,62234,13723,7
Audi A5,157032,10000,9
Audi A5,63599,22286,6
Mercedez Benz C class,114561,10000,8
BMW X5,42467,22215,4
Mercedez Benz C class,41544,13908,5
BMW X5,126863,15823,8
BMW X5,8747,40909,1
BMW X5,35011,29418,2
BMW X5,24315,32816,3
BMW X5,85409,10000,10
Mercedez Benz C class,38462,23159,4
BMW X5,169663,10000,10
Mercedez Benz C class,22263,32650,2
Mercedez Benz C class,113032,10000,8
Mercedez Benz C class,134265,10000,8
Mercedez Benz C class,34713,30675,4
BMW X5,162372,10000,10
Mercedez Benz C class,47959,23700,3
Audi A5,16213,36367,2
Mercedez Benz C class,77839,15762,7
BMW X5,120600,10000,8
Audi A5,44680,27280,3
Audi A5,8261,37751,1
BMW X5,97405,23644,6
Mercedez Benz C class,157406,10000,9
Mercedez Benz C class,55537,15482,5
BMW X5,66145,25123,6
Mercedez Benz C class,8266,35001,1
Audi A5,44096,23674,3
Mercedez Benz C class,27571,28115,3
BMW X5,67675,29068,4
Mercedez Benz C class,74402,10000,9
Audi A5,141804,10000,8
Mercedez Benz C class,65831,14739,5
Audi A5,50089,15683,5
Audi A5,90701,10000,8
Mercedez Benz C class,104359,10000,10
Audi A5,119741,10000,7
Audi A5,70902,20337,4
Audi A5,120832,10000,10
Mercedez Benz C class,81049,10000,10
BMW X5,73493,14663,6
Mercedez Benz C class,11570,36617,1
BMW X5,43921,30609,3
Audi A5,24829,32028,2
BMW X5,118380,10000,10
Mercedez Benz C class,20980,34476,2
BMW X5,99964,10000,7
Audi A5,41333,18769,5
Audi A5,120995,10000,8
BMW X5,16107,43820,1
Mercedez Benz C class,107696,10000,8
Audi A5,129025,10000,8
Mercedez Benz C class,76806,10000,7
BMW X5,55026,33329,4
Mercedez Benz C class,58809,15914,7
Mercedez Benz C class,57938,20057,6
BMW X5,15760,40490,1
BMW X5,47381,20073,4
BMW X5,108694,10000,9
Mercedez Benz C class,49264,14346,6
Audi A5,55135,10000,6
Audi A5,59504,16095,4
Mercedez Benz C class,107704,10000,7
Audi A5,89825,10000,10
Mercedez Benz C class,58089,21579,5
BMW X5,19420,29594,2
Mercedez Benz C class,158383,10000,9
Mercedez Benz C class,66968,10583,6
Audi A5,102333,10000,8
BMW X5,68397,10000,7
Mercedez Benz C class,101587,10000,6
Mercedez Benz C class,12414,30648,1
BMW X5,122467,10000,8
Audi A5,13838,39306,1
BMW X5,122168,10000,7
BMW X5,56263,24093,6
BMW X5,88841,13229,5
Mercedez Benz C class,33354,19460,4
Audi A5,137686,10000,9
BMW X5,41029,23520,5
Audi A5,67484,11073,5
BMW X5,80596,16405,6
Mercedez Benz C class,153621,10000,9
Mercedez Benz C class,31008,36093,2
BMW X5,101245,10000,7
Mercedez Benz C class,33347,18345,4
BMW X5,150840,10000,9
Mercedez Benz C class,77461,21840,5
Mercedez Benz C class,57860,19907,4
Mercedez Benz C class,11070,40542,1
Mercedez Benz C class,21220,37109,2
Mercedez Benz C class,51995,18866,5
Mercedez Benz C class,96270,10000,9
Mercedez Benz C class,104899,10000,10
Audi A5,102875,10000,9
Audi A5,28164,26136,2
Mercedez Benz C class,75700,27944,5
BMW X5,97618,10000,6
Mercedez Benz C class,33020,32866,2
Mercedez Benz C class,62785,10000,7
Audi A5,120322,10000,10
BMW X5,148315,10000,10
Mercedez Benz C class,72518,18709,6
Audi A5,41115,20897,4
Audi A5,44457,19079,5
BMW X5,51766,22370,3
BMW X5,8432,40522,1
Audi A5,17540,38475,2
BMW X5,33010,17412,4
BMW X5,26520,32875,3
Mercedez Benz C class,72637,10000,9
Mercedez Benz C class,143462,10000,8
Mercedez Benz C class,111973,10000,9
Audi A5,108703,10000,9
Audi A5,55766,15248,5
Mercedez Benz C class,61634,27947,5
Audi A5,66102,10000,6
Audi A5,22397,28943,2
Audi A5,96759,17626,6
BMW X5,57182,22044,4
BMW X5,104087,16383,7
BMW X5,125009,10000,9
Mercedez Benz C class,133199,10000,9
BMW X5,36073,29700,4
BMW X5,59179,20477,5
BMW X5,69368,26786,6
Mercedez Benz C class,63664,25238,6
BMW X5,138344,10000,9
BMW X5,89947,14842,9
Mercedez Benz C class,90944,10000,8
Mercedez Benz C class,12572,43078,1
Mercedez Benz C class,52115,30103,3
Audi A5,52228,29465,3
BMW X5,67682,10000,7
Audi A5,94107,10000,9
Audi A5,75085,10000,8
BMW X5,70206,21124,5
Audi A5,97223,10000,7
Mercedez Benz C class,90409,15776,6
Audi A5,10266,39031,1
Mercedez Benz C class,95066,10000,6
Mercedez Benz C class,57798,25806,4
BMW X5,69839,17044,4
Audi A5,157909,10000,10
Mercedez Benz C class,106256,10000,7
Audi A5,56683,29217,4
Mercedez Benz C class,69570,21865,5
BMW X5,88017,10000,9
BMW X5,42021,35842,3
Mercedez Benz C class,68249,19044,6
Mercedez Benz C class,139651,10000,9
BMW X5,143158,10942,8
Audi A5,59873,19709,5
BMW X5,39103,16082,4
BMW X5,119558,10376,8
Mercedez Benz C class,26222,37237,2
Audi A5,56189,27966,4
Mercedez Benz C class,124910,10000,7
BMW X5,82173,16799,5
Mercedez Benz C class,144137,10000,9
Audi A5,50876,21007,4
Audi A5,75427,12778,9
Audi A5,69417,29831,4
BMW X5,64702,13171,8
Audi A5,57611,12743,4
Audi A5,86788,10000,6
BMW X5,105617,10000,9
Mercedez Benz C class,24980,20808,3
Audi A5,111806,10000,10
BMW X5,16696,42632,1
BMW X5,96350,10000,10
Audi A5,54094,14243,5
BMW X5,77483,10000,8
BMW X5,86435,10000,7
BMW X5,129165,10000,9
Audi A5,8781,45147,1
BMW X5,15715,35654,1
Mercedez Benz C class,97280,14635,6
Mercedez Benz C class,149851,10000,9
Mercedez Benz C class,37114,19600,4
Audi A5,79044,13864,8
Audi A5,39013,37110,3
Audi A5,106826,10000,10
Mercedez Benz C class,77316,10000,5
BMW X5,58567,10000,7
Audi A5,21192,32881,2
Mercedez Benz C class,106515,10000,8
BMW X5,50002,20887,6
Mercedez Benz C class,69585,14409,7
Audi A5,85609,10000,6
Mercedez Benz C class,67602,26896,4
Mercedez Benz C class,97855,16110,6
BMW X5,66877,24659,4
BMW X5,121464,10000,10
Mercedez Benz C class,98808,10000,6
Audi A5,45265,32947,3
Audi A5,116886,10000,8
BMW X5,39483,26300,3
Mercedez Benz C class,67707,11772,8
Audi A5,135691,10000,9
BMW X5,85971,11254,8
BMW X5,107194,10000,7
BMW X5,58519,10000,7
Audi A5,165406,10000,10
BMW X5,93093,10000,7
Mercedez Benz C class,99125,10000,6
BMW X5,136310,10000,8
Audi A5,89103,10000,10
Mercedez Benz C class,64446,26164,4
Mercedez Benz C class,39471,22685,3
BMW X5,119780,10842,8
Audi A5,95537,15758,6
BMW X5,43312,27067,4
BMW X5,94116,10000,9
BMW X5,173089,10000,10
BMW X5,93023,10000,8
Mercedez Benz C class,84011,10000,6
Mercedez Benz C class,73400,10000,9
Mercedez Benz C class,142489,10000,9
Audi A5,16106,40740,1
Audi A5,43098,20863,5
Audi A5,31725,32684,2
BMW X5,39934,21741,3
Mercedez Benz C class,92983,10000,7
Audi A5,17289,42057,1
BMW X5,47977,26997,3
BMW X5,12600,39461,1
Audi A5,133933,10000,10
Mercedez Benz C class,72534,17857,5
BMW X5,104352,19132,6
Mercedez Benz C class,141243,10000,9
Mercedez Benz C class,134541,10000,10
BMW X5,34278,35316,2
Audi A5,38178,30706,4
Audi A5,123400,10000,9
Audi A5,110708,16528,7
Mercedez Benz C class,16640,38821,1
Audi A5,70660,26860,4
Audi A5,61745,20309,7
Audi A5,36246,29135,3
BMW X5,155264,10000,10
BMW X5,15072,36725,1
Mercedez Benz C class,87831,12298,6
BMW X5,77216,12248,6
Mercedez Benz C class,60062,11247,7
Mercedez Benz C class,25173,30133,3
Audi A5,140102,10000,8
BMW X5,47671,24403,3
BMW X5,93999,12894,7
Mercedez Benz C class,97826,17509,7
Audi A5,46730,21232,5
Mercedez Benz C class,51074,10000,6
Mercedez Benz C class,10494,32583,1
Audi A5,125318,10000,9
Mercedez Benz C class,47070,17544,5
BMW X5,27304,34775,3
Mercedez Benz C class,121036,10000,8
Audi A5,32384,29898,2
Audi A5,162019,10000,10
BMW X5,11970,36866,1
Mercedez Benz C class,134996,10000,8
BMW X5,112796,10000,9
Audi A5,58381,13396,6
BMW X5,136438,10000,10
BMW X5,109143,10000,8
Audi A5,87979,10000,9
Mercedez Benz C class,120626,12531,7
Mercedez Benz C class,91679,10000,10
Audi A5,17501,32028,2
Audi A5,139814,10000,9
Audi A5,61181,10000,7
Audi A5,104983,10000,10
Audi A5,154060,10000,10
Mercedez Benz C class,135444,10000,9
BMW X5,148058,10000,10
Audi A5,118718,10000,7
Mercedez Benz C class,47474,16704,4
Mercedez Benz C class,127222,10000,8
BMW X5,34832,20763,4
Audi A5,128320,10000,9
Audi A5,93185,10000,8
BMW X5,74980,21505,5
Mercedez Benz C class,68991,17460,7
Audi A5,11171,37012,1
Mercedez Benz C class,53784,13162,6
BMW X5,37157,24062,4
Mercedez Benz C class,27079,28794,3
Mercedez Benz C class,81600,14345,9
BMW X5,62810,13838,4
Audi A5,101602,10000,9
Audi A5,90768,10000,8
Mercedez Benz C class,108543,10000,9
BMW X5,144355,10000,9
BMW X5,71572,23312,4
Audi A5,48100,25616,5
BMW X5,9781,34962,1
Mercedez Benz C class,20766,27688,2
BMW X5,125639,10000,7
Mercedez Benz C class,47006,28514,3
Audi A5,92338,10000,7
Mercedez Benz C class,54746,19503,4
Audi A5,123665,10000,9
Mercedez Benz C class,58380,14097,7
Mercedez Benz C class,72529,12341,8
Mercedez Benz C class,49809,28403,3
Mercedez Benz C class,88726,10394,7
BMW X5,96244,12771,10
Audi A5,66366,18040,5
BMW X5,160102,10000,9
Audi A5,34037,23375,3
BMW X5,27210,29310,3
BMW X5,93728,10000,8
BMW X5,64019,23999,4
Mercedez Benz C class,82528,16654,6
Audi A5,145748,10000,10
Audi A5,36837,27145,3
Mercedez Benz C class,116544,10000,10
BMW X5,44406,26723,4
Mercedez Benz C class,126055,10000,8
Mercedez Benz C class,21763,36164,2
Audi A5,35042,24988,3
Mercedez Benz C class,77478,10000,6
BMW X5,139561,10000,8
BMW X5,35654,36546,2
Audi A5,171862,10000,10
Mercedez Benz C class,89404,10000,6
BMW X5,47135,30807,3
BMW X5,82890,19926,6
BMW X5,99463,10000,8
BMW X5,59752,10000,7
Audi A5,48689,27920,4
BMW X5,86100,25758,5
BMW X5,22780,30222,2
BMW X5,44803,34798,3
BMW X5,14134,40583,1
Audi A5,9837,41568,1
BMW X5,101098,10000,7
Mercedez Benz C class,65189,10000,6
BMW X5,98149,10000,8
Audi A5,86326,10485,5
Audi A5,80152,22317,5
Audi A5,11611,40071,1
Audi A5,27103,28840,2
BMW X5,11577,30292,1
BMW X5,64981,21938,4
Audi A5,16434,34780,2
BMW X5,57981,11145,6
BMW X5,62842,10825,5
BMW X5,70251,25584,6
BMW X5,17433,44650,1
BMW X5,64938,18509,6
Mercedez Benz C class,11474,43120,1
Audi A5,38890,28786,3
Audi A5,104658,10000,7
Audi A5,132092,10000,9
Audi A5,56499,20293,4
Audi A5,8215,37348,1
Mercedez Benz C class,62194,13194,7
BMW X5,99793,19004,6
BMW X5,76915,10000,9
Mercedez Benz C class,81820,14698,7
Mercedez Benz C class,63313,22716,4
Audi A5,10613,45309,1
Audi A5,83176,11945,5
Audi A5,48433,24378,5
Mercedez Benz C class,84107,17310,7
Mercedez Benz C class,157010,10000,10
Audi A5,109417,10000,7
Mercedez Benz C class,38112,19792,4
BMW X5,134429,10000,10
BMW X5,76306,10000,9
BMW X5,118324,10000,9
Mercedez Benz C class,114868,10000,7
Mercedez Benz C class,18172,40660,2
Mercedez Benz C class,145750,10000,10
Mercedez Benz C class,43362,14151,5
BMW X5,48817,29143,3
Audi A5,20776,38168,2
Mercedez Benz C class,19847,30254,2
Mercedez Benz C class,13814,32089,1
Mercedez Benz C class,45901,33509,4
Mercedez Benz C class,63239,19650,4
BMW X5,55218,24543,4
Mercedez Benz C class,83573,10000,5
Audi A5,92150,10000,8
Audi A5,18709,35887,2
Mercedez Benz C class,38948,15222,4
BMW X5,110884,10000,10
Audi A5,14822,44718,1
BMW X5,120212,10000,8
BMW X5,100568,10000,6
Mercedez Benz C class,60058,16636,4
Mercedez Benz C class,39348,37264,3
BMW X5,45248,11196,5
Mercedez Benz C class,27103,32920,3
Audi A5,87242,10000,10
Audi A5,67947,14779,6
Mercedez Benz C class,62543,24802,4
Audi A5,75121,12847,5
Mercedez Benz C class,13457,45171,1
Mercedez Benz C class,68253,10000,7
BMW X5,137397,10000,8
Mercedez Benz C class,11014,38142,1
BMW X5,112315,10000,9
BMW X5,66627,10000,8
Audi A5,134057,10000,10
Audi A5,51542,23808,3
BMW X5,117109,10000,8
BMW X5,48257,17815,5
Mercedez Benz C class,78333,10000,7
Mercedez Benz C class,32272,20376,4
Mercedez Benz C class,17115,40525,1
BMW X5,41987,31072,3
Audi A5,87038,21908,6
BMW X5,52131,22710,3
BMW X5,26229,30714,2
Mercedez Benz C class,122063,10000,9
Audi A5,78778,18235,6
BMW X5,121719,10000,9
Mercedez Benz C class,39801,21908,4
Mercedez Benz C class,130222,10000,8
Mercedez Benz C class,108345,10000,8
BMW X5,20127,38053,2
Mercedez Benz C class,154824,10000,10
Audi A5,63278,14048,5
BMW X5,102651,18504,6
BMW X5,135254,10000,10
BMW X5,80550,26759,5
Mercedez Benz C class,158597,10000,9
BMW X5,16543,35593,1
BMW X5,164907,10000,10
BMW X5,105873,10000,7
Mercedez Benz C class,72484,17603,5
BMW X5,11361,32818,1
Audi A5,117303,10000,10
BMW X5,53802,26034,4
Mercedez Benz C class,83968,10000,10
Audi A5,87731,17632,5
BMW X5,103132,11765,8
Audi A5,96103,13405,8
BMW X5,76446,10738,6
BMW X5,158867,10000,10
Audi A5,57882,23968,4
BMW X5,66323,22696,6
Mercedez Benz C class,126757,10000,9
Audi A5,78151,10000,9
Mercedez Benz C class,101425,10296,6
Mercedez Benz C class,43751,19861,4
BMW X5,33706,29329,2
Mercedez Benz C class,88009,10000,8
Audi A5,133491,10000,9
Audi A5,86060,18471,7
Audi A5,79056,22733,5
BMW X5,69827,10000,6
BMW X5,95290,10000,10
Mercedez Benz C class,42037,18199,5
Mercedez Benz C class,13899,30590,1
Audi A5,66793,29157,4
Mercedez Benz C class,20095,30487,2
Mercedez Benz C class,27628,30080,2
Audi A5,58075,10000,6
Audi A5,175332,10000,10
Audi A5,124084,10000,7
Audi A5,94941,10000,6
Audi A5,143516,10000,10
Mercedez Benz C class,15951,36485,1
BMW X5,42844,23385,4
BMW X5,85422,22945,6
Audi A5,94148,10000,6
BMW X5,48352,33496,3
Mercedez Benz C class,23546,30275,2
Mercedez Benz C class,16970,42075,1
Audi A5,132633,10000,8
BMW X5,64389,10000,7
BMW X5,28652,37833,2
BMW X5,12098,40708,1
Mercedez Benz C class,85309,10000,6
Mercedez Benz C class,105822,18561,7
Audi A5,102641,10481,7
Audi A5,49706,13283,6
BMW X5,73333,12876,6
Mercedez Benz C class,26118,30859,2
Audi A5,52630,26473,3
Mercedez Benz C class,139550,10000,10
Audi A5,63222,10000,7
BMW X5,16636,36171,2
Mercedez Benz C class,52130,18870,4
BMW X5,36989,22521,4
BMW X5,37127,23333,3
BMW X5,108710,17120,7
Mercedez Benz C class,31164,27679,2
Mercedez Benz C class,54393,15582,6
Mercedez Benz C class,49322,24498,3
BMW X5,87167,22782,5
Mercedez Benz C class,103705,10000,7
BMW X5,84485,10762,9
Audi A5,21219,36730,2
BMW X5,72593,10000,7
Audi A5,83911,17673,6
Audi A5,10111,41896,1
BMW X5,12701,40826,1
BMW X5,16605,36383,1
Audi A5,137281,10000,9
BMW X5,109956,10356,7
Mercedez Benz C class,35660,21271,4
BMW X5,83628,21737,5
Mercedez Benz C class,70932,10000,7
Mercedez Benz C class,68798,30821,4
Mercedez Benz C class,45677,25063,4
Mercedez Benz C class,17745,39360,2
BMW X5,112710,10000,8
Audi A5,50934,20126,3
Mercedez Benz C class,138648,10000,9
Audi A5,94879,10000,7
Audi A5,91979,10126,9
BMW X5,97652,10000,9
BMW X5,72045,19354,8
Audi A5,82110,10000,9
BMW X5,114244,11732,7
Mercedez Benz C class,138674,10000,8
Mercedez Benz C class,98557,10000,9
Audi A5,85230,10000,10
Audi A5,47417,28332,3
BMW X5,141043,10000,8
BMW X5,75824,10000,6
Mercedez Benz C class,61455,12459,6
Mercedez Benz C class,112960,10000,9
Audi A5,17519,38753,1
BMW X5,60105,11008,7
BMW X5,35459,27024,4
BMW X5,77138,10000,8
BMW X5,17281,42409,1
Audi A5,119939,10000,9
Audi A5,86672,27835,5
Mercedez Benz C class,30171,30523,2
BMW X5,46183,14601,4
BMW X5,13935,35557,1
Mercedez Benz C class,8953,36084,1
Audi A5,99536,10000,10
Audi A5,80043,10000,10
Audi A5,8696,45069,1
Audi A5,89587,10000,9
Audi A5,103759,10000,7
Mercedez Benz C class,82681,19083,8
Audi A5,144481,10000,10
Audi A5,64048,24293,4
Audi A5,35829,35248,3
Mercedez Benz C class,29349,34603,2
Audi A5,34326,25454,4
Mercedez Benz C class,104817,16278,6
Mercedez Benz C class,48356,28022,3
Mercedez Benz C class,32072,25772,2
Mercedez Benz C class,92344,10000,7
Mercedez Benz C class,141048,10000,9
Audi A5,17102,38378,1
Audi A5,86383,12211,6
Mercedez Benz C class,51172,29867,3
BMW X5,84027,10000,7
Mercedez Benz C class,117367,10000,8
BMW X5,118155,10445,7
BMW X5,108360,10000,8
Mercedez Benz C class,152012,10000,9
Mercedez Benz C class,35466,35500,2
Audi A5,32251,30536,3
BMW X5,162978,10000,10
BMW X5,22666,32166,2
BMW X5,8727,40436,1
Mercedez Benz C class,30003,28089,2
Audi A5,88621,10000,8
Audi A5,18569,28297,2
Audi A5,67669,23015,4
Mercedez Benz C class,31169,24673,2
Mercedez Benz C class,89673,10000,9
BMW X5,125699,10000,7
Audi A5,88981,10000,7
Audi A5,49994,17779,6
BMW X5,50150,18252,4
Audi A5,88470,13167,5
Audi A5,64257,10000,7
BMW X5,109458,13246,8
Audi A5,87777,22230,7
BMW X5,105223,10000,8
Mercedez Benz C class,129116,10000,9
BMW X5,11540,38885,1
Mercedez Benz C class,143420,10000,9
BMW X5,66717,14423,8
Mercedez Benz C class,53235,10551,5
BMW X5,34235,27997,3
BMW X5,65933,21043,4
Mercedez Benz C class,42862,33311,3
BMW X5,86035,17491,6
BMW X5,50570,10000,5
BMW X5,85398,13854,6
BMW X5,34448,27164,4
BMW X5,61500,17613,4
BMW X5,102574,18304,6
BMW X5,73121,10000,8
Audi A5,56594,25326,4
BMW X5,36254,28944,3
Mercedez Benz C class,16646,41880,2
Audi A5,43876,37130,3
Mercedez Benz C class,118267,10000,9
BMW X5,122066,10000,8
Mercedez Benz C class,122061,10000,9
Mercedez Benz C class,175138,10000,10
Audi A5,27363,33907,3
Audi A5,33836,31647,2
Audi A5,45492,25093,3
Mercedez Benz C class,39669,23327,4
Mercedez Benz C class,74709,12769,5
BMW X5,147480,10000,10
BMW X5,60159,21846,6
Audi A5,29028,30208,3
Audi A5,45935,18120,5
Audi A5,91639,10000,7
Mercedez Benz C class,85343,10000,6
Audi A5,101469,10000,9
BMW X5,71572,15117,6
Audi A5,53063,29543,3
BMW X5,70886,10000,6
Audi A5,65768,18700,4
BMW X5,76637,18094,6
Mercedez Benz C class,59891,13931,6
BMW X5,70637,17409,5
Audi A5,88733,10000,10
Audi A5,107504,12665,6
Audi A5,114302,10000,10
BMW X5,91187,12006,6
BMW X5,34454,33227,2
Mercedez Benz C class,71351,17396,4
BMW X5,10157,35589,1
BMW X5,99388,10000,10
Mercedez Benz C class,71082,14097,6
Audi A5,40158,24929,3
Audi A5,139037,10000,9
Mercedez Benz C class,132413,10000,9
BMW X5,64439,21063,5
BMW X5,157647,10000,9
Audi A5,70494,19188,4
BMW X5,102341,10000,7
Audi A5,178689,10000,10
Audi A5,132844,10000,9
Mercedez Benz C class,178654,10000,10
Audi A5,64316,15132,6
Audi A5,89682,11730,7
Audi A5,86908,10000,5
BMW X5,21880,31817,2
Mercedez Benz C class,169781,10000,10
Mercedez Benz C class,130119,10000,8
Mercedez Benz C class,32625,26714,4
Audi A5,142808,10000,8
Mercedez Benz C class,126429,10000,9
Audi A5,32689,31158,2
Mercedez Benz C class,79025,10000,7
Audi A5,138140,10000,8
Audi A5,31307,30577,2
Mercedez Benz C class,43105,31298,3
Audi A5,141885,10000,10
Mercedez Benz C class,33524,27805,4
Mercedez Benz C class,126344,10000,10
Audi A5,60947,10000,6
Audi A5,34288,29715,2
Audi A5,53889,31383,3
Audi A5,48678,18908,4
Audi A5,54083,24352,4
Mercedez Benz C class,126428,10000,9
Mercedez Benz C class,65943,10000,7
Mercedez Benz C class,51952,10000,6
BMW X5,49785,27115,3
Mercedez Benz C class,106063,10000,7
BMW X5,115429,10000,7
Audi A5,64312,10660,6
Mercedez Benz C class,42808,20789,4
BMW X5,39007,23979,4
Audi A5,95592,10000,8
Mercedez Benz C class,125982,10000,9
Mercedez Benz C class,29529,41280,2
Audi A5,11421,39502,1
Mercedez Benz C class,98760,12616,9
BMW X5,12212,38918,1
BMW X5,114783,10000,10
BMW X5,38025,15925,4
Mercedez Benz C class,30456,34868,2
BMW X5,87849,13465,7
BMW X5,97254,10000,8
BMW X5,40204,31870,3
Audi A5,45021,27533,3
Audi A5,117298,13526,7
Mercedez Benz C class,34673,24261,3
BMW X5,60101,11008,6
Mercedez Benz C class,115237,10000,8
Audi A5,27382,27744,2
Audi A5,65267,22320,5
Mercedez Benz C class,79324,10000,7
Audi A5,42803,22094,5
BMW X5,133279,10000,10
BMW X5,82094,23145,5
BMW X5,99275,10000,10
BMW X5,163490,10000,10
BMW X5,33430,30312,3
Mercedez Benz C class,65187,15001,5
BMW X5,31327,21862,3
Audi A5,19249,29004,2
BMW X5,28393,38436,2
BMW X5,99356,10000,9
Audi A5,10308,35371,1
BMW X5,84098,10000,7
Mercedez Benz C class,127543,10000,10
BMW X5,82264,10000,7
BMW X5,27864,33417,2
Audi A5,45783,25401,3
BMW X5,104637,10000,10
BMW X5,38640,29658,4
Audi A5,65239,15102,8
Audi A5,107092,10000,7
BMW X5,90332,10000,8
Mercedez Benz C class,45486,17557,5
Mercedez Benz C class,68531,15896,6
Mercedez Benz C class,16555,32180,1
Audi A5,78119,20889,6
Audi A5,81440,20258,5
BMW X5,41066,16589,4
Audi A5,98133,10000,7
Mercedez Benz C class,131384,10000,8
Mercedez Benz C class,61661,11414,5
Mercedez Benz C class,86701,10000,7
Audi A5,13292,42085,1
Audi A5,47458,31966,3
Audi A5,25395,21522,3
Audi A5,25380,34208,3
Mercedez Benz C class,174857,10000,10
Mercedez Benz C class,37465,27614,4
Mercedez Benz C class,13236,32551,1
Mercedez Benz C class,121549,10000,7
Mercedez Benz C class,133714,10000,10
Audi A5,9071,40626,1
Audi A5,26600,35022,2
BMW X5,28123,34897,2
BMW X5,25186,27896,2
Mercedez Benz C class,93784,10000,7
BMW X5,98724,10000,7
BMW X5,109402,10000,10
Audi A5,10671,30823,1
Mercedez Benz C class,71012,21709,5
Mercedez Benz C class,44872,21869,4
BMW X5,85507,22468,5
Mercedez Benz C class,19220,38152,2
Mercedez Benz C class,53678,22732,4
Mercedez Benz C class,13186,33818,1
Mercedez Benz C class,120009,10000,10
Mercedez Benz C class,122345,10000,8
Audi A5,119119,10000,10
BMW X5,51486,15971,6
BMW X5,8936,43742,1
BMW X5,15120,38369,1
Audi A5,28100,33285,2
Audi A5,35449,24697,4
Mercedez Benz C class,134977,10000,9
Mercedez Benz C class,21553,33097,2
Mercedez Benz C class,39284,18616,4
BMW X5,36557,26686,4
Audi A5,110987,10000,8
Audi A5,105990,10000,7
Audi A5,53012,22465,3
BMW X5,108461,10000,8
BMW X5,72204,10000,8
Mercedez Benz C class,29349,30784,2
Audi A5,13200,42052,1
BMW X5,113532,10000,8
Mercedez Benz C class,35144,33245,2
BMW X5,27954,33569,2
Mercedez Benz C class,78932,13323,6
Mercedez Benz C class,75857,10000,9
BMW X5,118962,10000,8
Mercedez Benz C class,31644,36759,2
Mercedez Benz C class,58075,16224,5
Mercedez Benz C class,75598,10000,8
Audi A5,24535,30823,3
Audi A5,101323,10000,10
Mercedez Benz C class,116413,10000,7
Audi A5,84597,17204,6
Mercedez Benz C class,40336,22090,5
BMW X5,138950,10000,9
BMW X5,169552,10000,10
BMW X5,96642,10000,7
BMW X5,83805,10000,9
BMW X5,17827,37434,1
Mercedez Benz C class,29990,29937,2
Audi A5,50311,32297,3
Mercedez Benz C class,24556,32486,2
Audi A5,52318,20223,5
Audi A5,121235,10000,9
BMW X5,50944,10000,6
Mercedez Benz C class,44852,19234,3
Audi A5,54771,25926,5
Mercedez Benz C class,57013,13015,6
Mercedez Benz C class,88603,10000,10
Mercedez Benz C class,159783,10000,9
Audi A5,52949,19866,5
Mercedez Benz C class,13092,32612,1
Audi A5,42133,26334,3
BMW X5,17770,37649,2
BMW X5,37979,25819,4
Audi A5,32650,21368,3
Mercedez Benz C class,55699,17923,4
BMW X5,76619,10000,6
BMW X5,105234,10000,8
BMW X5,90600,12733,6
BMW X5,29178,27605,2
Audi A5,97812,17964,7
BMW X5,13556,36488,1
Mercedez Benz C class,110018,10000,7
BMW X5,42367,23509,4
Mercedez Benz C class,124204,10000,7
Audi A5,56837,20964,5
Audi A5,23464,30076,2
Mercedez Benz C class,21991,40704,2
BMW X5,125685,10000,7
Mercedez Benz C class,86586,13202,7
Audi A5,9920,45635,1
Audi A5,76274,21570,5
Mercedez Benz C class,145798,10000,9
Audi A5,32565,25539,2
Mercedez Benz C class,92489,10000,6
BMW X5,76698,12933,6
BMW X5,141087,10000,8
Mercedez Benz C class,40311,15281,4
Audi A5,74120,18953,5
Audi A5,43174,24495,4
Audi A5,60280,10000,7
Audi A5,44753,27366,3
BMW X5,29204,30208,2
BMW X5,14646,34074,1
Audi A5,105546,10000,9
BMW X5,76804,10000,9
BMW X5,131936,10000,9
BMW X5,62508,27888,4
BMW X5,74326,10000,8
Mercedez Benz C class,44420,27172,3
Mercedez Benz C class,34269,36182,2
Mercedez Benz C class,10962,31739,1
Mercedez Benz C class,89007,10000,8
Audi A5,18713,29493,2
BMW X5,117689,10000,10
Mercedez Benz C class,109306,10000,8
Mercedez Benz C class,116074,10000,9
Audi A5,25343,35555,3
Mercedez Benz C class,69393,10000,7
BMW X5,32615,29915,2
Audi A5,38543,29018,4
Audi A5,37856,31893,4
Audi A5,78824,13533,5
BMW X5,8759,43928,1
Audi A5,34734,25041,3
Mercedez Benz C class,106835,10000,8
BMW X5,104981,14477,8
Audi A5,123667,10000,10
BMW X5,23636,33143,2
Mercedez Benz C class,33552,33142,3
Audi A5,22321,25455,2
Mercedez Benz C class,63680,12531,7
BMW X5,39976,28239,3
Mercedez Benz C class,11226,33977,1
Audi A5,49703,12764,4
Mercedez Benz C class,64193,15860,5
Mercedez Benz C class,162311,10000,10
BMW X5,45689,25757,3
BMW X5,106098,11396,7
Audi A5,10884,41716,1
BMW X5,124517,10000,10
BMW X5,52525,20799,3
BMW X5,61888,14054,5
BMW X5,147768,10000,9
BMW X5,24299,34198,2
Mercedez Benz C class,46123,34056,3
Audi A5,91729,10000,9
Mercedez Benz C class,48250,17092,6
BMW X5,40787,25242,3
Audi A5,109537,10000,8
Audi A5,27272,39106,2
Mercedez Benz C class,115263,10000,9
Audi A5,26948,25169,3
BMW X5,143662,10000,10
Audi A5,83407,11696,5
Mercedez Benz C class,161964,10000,10
Mercedez Benz C class,134952,10000,8
Mercedez Benz C class,85255,10000,7
BMW X5,79048,20937,6
BMW X5,48051,28022,4
BMW X5,179863,10000,10
Mercedez Benz C class,29649,29737,3
BMW X5,107862,10000,7
Mercedez Benz C class,63424,13521,7
BMW X5,103946,10000,7
BMW X5,127144,10000,8
BMW X5,14736,40605,1
Audi A5,51085,28989,4
Audi A5,52301,21842,3
Mercedez Benz C class,94860,10000,7
BMW X5,38264,23008,3
Audi A5,73788,10453,8
Mercedez Benz C class,70335,18602,7
BMW X5,28343,35865,2
BMW X5,124138,10000,9
Mercedez Benz C class,30923,23706,3
Mercedez Benz C class,67117,17611,5
Mercedez Benz C class,134529,10000,9
BMW X5,10683,34527,1
Mercedez Benz C class,37982,24454,3
Mercedez Benz C class,36741,25314,4
BMW X5,28555,34354,2
Mercedez Benz C class,76299,10000,7
Audi A5,9566,34779,1
BMW X5,158114,10000,9
Audi A5,40570,23578,5
Audi A5,95376,10000,6
BMW X5,13274,34969,1
Mercedez Benz C class,117056,10000,7
Audi A5,44993,32649,3
Audi A5,37687,32463,4
BMW X5,128258,10000,8
Audi A5,86971,10000,9
Mercedez Benz C class,17505,42650,1
BMW X5,76138,12231,8
Mercedez Benz C class,10636,43716,1
BMW X5,71691,19257,4
BMW X5,55654,25938,4
Mercedez Benz C class,16241,37128,1
BMW X5,115920,10000,7
Audi A5,149141,10000,10
BMW X5,136742,10070,8
Audi A5,99099,10000,9
BMW X5,78429,19083,6
Audi A5,165299,10000,10
Audi A5,31286,21674,3
BMW X5,78990,10000,7
Mercedez Benz C class,13026,40775,1
BMW X5,10757,43938,1
Audi A5,151171,10000,10
Audi A5,8495,39834,1
BMW X5,110387,10000,10
BMW X5,38814,33388,3
Mercedez Benz C class,31325,28456,2
Mercedez Benz C class,135793,10000,8
BMW X5,58956,25474,4
BMW X5,12509,36553,1
Audi A5,108020,10000,10
BMW X5,53079,26998,3
BMW X5,18636,32860,2
Audi A5,8391,44035,1
Audi A5,147161,10000,10
Audi A5,84557,16937,5
Audi A5,90196,10000,6
Mercedez Benz C class,37527,27588,4
BMW X5,98860,10000,8
Mercedez Benz C class,66753,15913,4
Audi A5,78753,11160,7
Audi A5,80068,10000,9
Audi A5,96596,10000,6
BMW X5,66438,14158,8
BMW X5,95074,10000,9
Mercedez Benz C class,179267,10000,10
Audi A5,46410,19533,5
Audi A5,16486,32228,1
Mercedez Benz C class,50072,29003,4
BMW X5,110192,10000,7
Audi A5,51944,26526,5
BMW X5,51731,19051,6
BMW X5,41626,33234,3
BMW X5,92843,18621,6
Audi A5,77521,19406,6
Mercedez Benz C class,29201,27948,2
Mercedez Benz C class,48905,20961,5
BMW X5,44957,22632,4
Audi A5,112778,10000,7
Mercedez Benz C class,12462,36082,1
BMW X5,14353,40925,1
Audi A5,138398,10000,8
Audi A5,32646,35032,3
Audi A5,49592,10000,6
Audi A5,34775,36197,3
Audi A5,102425,13292,7
Audi A5,146773,10000,9
Mercedez Benz C class,27640,28576,3
Audi A5,109933,10000,8
BMW X5,60682,22780,5
Mercedez Benz C class,55938,18558,5
BMW X5,102011,14251,9
Audi A5,65751,15887,5
Audi A5,98451,10000,6
Mercedez Benz C class,94987,10000,6
Audi A5,69137,17232,6
Mercedez Benz C class,31071,26963,2
Mercedez Benz C class,85814,10000,10
BMW X5,41771,29266,3
Mercedez Benz C class,54814,24410,4
BMW X5,34616,30645,3
Mercedez Benz C class,83530,10000,8
BMW X5,78625,16478,6
BMW X5,128397,10000,8
Mercedez Benz C class,74767,10000,9
BMW X5,29106,33188,2
BMW X5,8847,35075,1
Mercedez Benz C class,65259,10000,7
BMW X5,35596,31002,2
Mercedez Benz C class,15024,40067,1
Mercedez Benz C class,104099,10000,8
BMW X5,93503,18080,8
BMW X5,26138,24144,3
Audi A5,114478,10000,9
Mercedez Benz C class,74112,17837,6
Audi A5,46454,26672,5
Audi A5,15331,36078,1
BMW X5,33338,26684,2
Audi A5,93651,10000,10
Audi A5,85870,10000,10
Audi A5,141639,10000,9
Mercedez Benz C class,45231,22319,4
BMW X5,51346,25782,4
Audi A5,61899,15352,4
Audi A5,129990,10000,8
Audi A5,41529,24923,3
Audi A5,34878,29692,3
Mercedez Benz C class,38316,19423,4
Audi A5,93559,10000,6
Mercedez Benz C class,67958,10000,8
Mercedez Benz C class,19268,37694,2
Audi A5,70785,10000,7
Mercedez Benz C class,161453,10000,10
Audi A5,52663,19056,3
Mercedez Benz C class,75520,13569,5
BMW X5,19787,28388,2
Audi A5,33935,23755,2
BMW X5,126612,10000,10
Audi A5,131505,10000,8
Audi A5,88620,10000,7
Mercedez Benz C class,41905,23706,3
Mercedez Benz C class,90861,10174,6
Mercedez Benz C class,55095,17441,5
BMW X5,17616,28451,2
BMW X5,96764,20232,6
Mercedez Benz C class,71895,14933,5
Audi A5,89429,10000,7
BMW X5,67477,21587,4
Audi A5,33304,21221,3
Mercedez Benz C class,86679,18519,8
BMW X5,73720,10000,7
Mercedez Benz C class,25224,25870,3
BMW X5,34917,26663,2
BMW X5,115923,10000,7
Audi A5,37384,32970,3
BMW X5,30302,40445,2
BMW X5,64067,26131,5
BMW X5,44473,28839,3
Mercedez Benz C class,33104,25894,2
Audi A5,29428,24804,3
Mercedez Benz C class,29698,25102,3
BMW X5,67622,19564,4
Mercedez Benz C class,27711,34420,3
Mercedez Benz C class,17655,31747,1
BMW X5,120364,10000,7
Mercedez Benz C class,101495,10000,6
BMW X5,101262,10000,8
Audi A5,84767,10000,8
BMW X5,87944,10159,8
BMW X5,107852,10000,7
BMW X5,48911,24090,3
BMW X5,67668,10000,8
BMW X5,70607,12953,8
BMW X5,84324,10787,7
Audi A5,75060,17096,5
BMW X5,157029,10000,9
Mercedez Benz C class,48929,17094,6
Audi A5,49329,13688,6
BMW X5,52634,20992,4
Mercedez Benz C class,41909,22592,4
BMW X5,122645,10000,10
Audi A5,88479,10000,8
Audi A5,113689,10000,10
Mercedez Benz C class,69106,17213,4
Mercedez Benz C class,134899,10000,9
BMW X5,82235,10000,7
Mercedez Benz C class,13634,30987,1
Mercedez Benz C class,43591,20297,4
BMW X5,54778,10000,5
BMW X5,87090,25483,5
Audi A5,56867,14773,6
BMW X5,42713,33993,3
BMW X5,59263,17513,4
Audi A5,112977,10000,8
Audi A5,55152,18430,4
Audi A5,48301,28825,3
BMW X5,19522,36019,2
Audi A5,122552,10000,7
Audi A5,53954,21992,3
BMW X5,93895,10000,6
Mercedez Benz C class,26080,33301,2
Audi A5,49021,21718,6
Audi A5,42454,10242,5
Mercedez Benz C class,38848,31297,3
Mercedez Benz C class,44862,24648,3
BMW X5,53367,10594,6
BMW X5,23852,37812,2
BMW X5,108937,10000,8
Audi A5,110130,10000,7
Mercedez Benz C class,81317,11938,6
Mercedez Benz C class,61088,26962,4
Audi A5,115364,10000,8
Audi A5,133044,10000,10
BMW X5,10977,31872,1
BMW X5,23332,35024,2
BMW X5,18908,34820,2
BMW X5,12314,44644,1
Audi A5,84875,10000,6
Mercedez Benz C class,141257,10000,9
Mercedez Benz C class,35247,23238,4
Mercedez Benz C class,116510,10000,9
Audi A5,124825,10000,7
Mercedez Benz C class,119592,10000,10
BMW X5,131632,10000,10
Audi A5,21195,29911,2
Audi A5,144529,10000,9
Audi A5,111772,10000,9
BMW X5,54261,26997,4
Mercedez Benz C class,10875,35353,1
Mercedez Benz C class,10397,31487,1
BMW X5,37997,28394,3
Audi A5,15904,45592,1
BMW X5,153418,10000,10
Audi A5,51936,20719,4
Mercedez Benz C class,25964,39254,2
Audi A5,58864,20414,5
BMW X5,121396,10000,7
BMW X5,110607,10876,9
BMW X5,115473,16289,9
Mercedez Benz C class,123979,10000,8
Mercedez Benz C class,34578,36138,2
Audi A5,70352,22258,4
Mercedez Benz C class,66331,20126,4
Mercedez Benz C class,86966,13665,5
Audi A5,32883,25582,2
Audi A5,79423,10000,7
Audi A5,135157,10000,9
Mercedez Benz C class,83751,17938,7
BMW X5,69478,19238,4
Mercedez Benz C class,80475,22967,5
Audi A5,61740,22598,4
Audi A5,100177,10000,10
Mercedez Benz C class,70805,18242,6
Audi A5,121813,10000,10
Audi A5,69365,18402,5
Mercedez Benz C class,15051,43532,1
BMW X5,90222,11800,7
Mercedez Benz C class,53837,29604,3
Mercedez Benz C class,46696,29741,3
Audi A5,69534,17039,4
Audi A5,110787,12940,8
Mercedez Benz C class,22168,24325,2
BMW X5,57321,18878,6
Mercedez Benz C class,149424,10000,9
Audi A5,9567,41959,1
Mercedez Benz C class,134203,10000,10
Mercedez Benz C class,65434,15211,6
BMW X5,29565,36964,2
Audi A5,136156,10000,9
Audi A5,105742,13139,9
Mercedez Benz C class,94886,10000,6
Audi A5,14431,41900,1
Mercedez Benz C class,57604,13293,5
Audi A5,80844,10000,8
Audi A5,82035,10000,7
Mercedez Benz C class,94853,10000,10
Audi A5,59080,10000,6
BMW X5,62151,14399,6
Audi A5,74715,13221,5
Audi A5,24019,28035,2
Mercedez Benz C class,26906,31566,2
Mercedez Benz C class,29421,32623,3
Audi A5,42686,31629,3
Audi A5,41824,27355,3
Mercedez Benz C class,84576,10000,10
Mercedez Benz C class,27687,37702,2
Mercedez Benz C class,121740,10000,7
Audi A5,34754,30913,2
Mercedez Benz C class,35531,35115,3
Mercedez Benz C class,66722,30617,4
Audi A5,140578,10000,8
Mercedez Benz C class,102806,10000,9
BMW X5,124845,10000,8
BMW X5,129424,10000,10
BMW X5,75091,10000,7
Audi A5,167064,10000,10
BMW X5,122902,10000,10
Mercedez Benz C class,32449,25919,3
BMW X5,60762,10000,7
BMW X5,140930,10000,10
Mercedez Benz C class,138687,10000,9
Mercedez Benz C class,11295,37563,1
Audi A5,80327,10000,9
BMW X5,89870,10000,10
Audi A5,75203,24053,5
BMW X5,163269,10000,10
Mercedez Benz C class,69661,15845,5
BMW X5,41992,16733,4
BMW X5,56471,16078,7
Mercedez Benz C class,37066,24011,3
Audi A5,132112,10000,8
Audi A5,19993,34898,2
Audi A5,16018,31630,2
Mercedez Benz C class,137805,10000,10
BMW X5,75767,18207,5
Audi A5,104426,10000,8
Audi A5,134650,10000,8
Mercedez Benz C class,36616,24933,3
BMW X5,140262,10000,10
Audi A5,65139,13213,5
Mercedez Benz C class,97087,10000,7
Audi A5,68762,11353,6
Mercedez Benz C class,132932,10000,8
Audi A5,115227,10000,7
BMW X5,14522,31046,1
BMW X5,33062,35312,2
Mercedez Benz C class,34526,35100,2
Audi A5,41682,26076,3
Mercedez Benz C class,56159,15667,7
BMW X5,35653,27311,3
Mercedez Benz C class,106282,10000,7
BMW X5,63256,19465,4
BMW X5,101862,10000,9
Mercedez Benz C class,103987,10000,8
BMW X5,14968,35966,1
BMW X5,50316,15609,5
Audi A5,114896,10000,8
BMW X5,64561,18388,5
Audi A5,62761,20603,5
Mercedez Benz C class,135473,10000,9
BMW X5,35759,31023,2
BMW X5,62900,16126,5
Audi A5,31448,35206,3
Mercedez Benz C class,103814,10000,9
BMW X5,51761,25562,3
BMW X5,58076,22639,7
BMW X5,85279,10000,6
Mercedez Benz C class,98249,13684,7
Mercedez Benz C class,37516,26111,3
Mercedez Benz C class,66934,15113,6
Audi A5,56374,23412,4
Audi A5,13723,37387,1
BMW X5,35212,29052,3
Audi A5,111468,10000,10
BMW X5,31293,39159,2
BMW X5,55611,14226,6
Mercedez Benz C class,35682,27547,2
Audi A5,27378,32213,2
BMW X5,66741,21634,5
Audi A5,110449,10000,8
Mercedez Benz C class,96621,10000,8
Mercedez Benz C class,83760,15910,7
Audi A5,96501,11364,6
BMW X5,69717,20721,5
Mercedez Benz C class,24663,33282,3
Audi A5,29127,32989,3
Mercedez Benz C class,44438,17665,5
BMW X5,42040,22430,5
Mercedez Benz C class,125302,10000,8
BMW X5,92026,10000,8
Mercedez Benz C class,81820,11275,5
Audi A5,66352,10000,8
BMW X5,125620,10000,9
Mercedez Benz C class,51245,26338,3
BMW X5,10483,30451,1
BMW X5,27561,36717,3
BMW X5,37525,27068,4
Audi A5,14937,36894,1
BMW X5,51855,26842,5
Audi A5,33008,29061,4
Mercedez Benz C class,105497,10000,8
BMW X5,70887,12169,8
BMW X5,118716,10000,7
Audi A5,116965,10000,7
Audi A5,145028,10000,9
BMW X5,99360,12252,6
Audi A5,12597,34136,1
Mercedez Benz C class,14518,36209,1
Mercedez Benz C class,139941,10000,9
Mercedez Benz C class,38441,24694,3
BMW X5,157324,10000,10
Audi A5,136197,10000,10
BMW X5,10868,34808,1
Mercedez Benz C class,23655,28168,2
Audi A5,16958,44000,1
Mercedez Benz C class,8929,36700,1
Audi A5,76988,22507,6
Audi A5,149106,10000,10
BMW X5,61973,14802,5
Audi A5,61613,10000,6
BMW X5,27064,28340,2
BMW X5,17253,30877,1
Audi A5,32008,30418,4
BMW X5,95090,12506,6
BMW X5,17517,35706,1
BMW X5,135259,10000,10
Audi A5,95834,17406,6
Audi A5,127147,10000,8
BMW X5,21031,34227,2
Mercedez Benz C class,55000,12783,6
Audi A5,120881,10000,10
Mercedez Benz C class,26519,30831,2
BMW X5,116517,10000,10
Audi A5,23177,33328,2
BMW X5,68207,20876,8
Audi A5,16286,35950,2
Audi A5,104965,10000,10
BMW X5,99980,11223,6
BMW X5,65690,23963,4
Mercedez Benz C class,122677,10000,10
Mercedez Benz C class,110988,10000,9
Mercedez Benz C class,85109,10000,7
BMW X5,38382,28127,4
BMW X5,13206,32281,1
Audi A5,58329,20325,4
Mercedez Benz C class,75364,16197,6
BMW X5,8178,35091,1
Mercedez Benz C class,30881,38785,2
BMW X5,99454,10000,6
Audi A5,81210,10000,8
Mercedez Benz C class,88968,10000,8
Mercedez Benz C class,63012,10000,5
Mercedez Benz C class,91052,10000,10
BMW X5,161693,10000,9
Mercedez Benz C class,69916,13799,4
BMW X5,33733,32260,2
Mercedez Benz C class,150963,10000,9
Mercedez Benz C class,103936,10000,9
BMW X5,78680,21020,6
Audi A5,54292,22021,4
BMW X5,99075,10000,7
Audi A5,9952,34275,1
Audi A5,63231,18732,4
Mercedez Benz C class,51518,21583,3
Audi A5,73908,12647,8
BMW X5,117862,10000,8
BMW X5,56385,10000,7
BMW X5,12405,37945,1
Mercedez Benz C class,106684,16841,7
BMW X5,17349,33796,2
Mercedez Benz C class,118716,10000,7
BMW X5,104357,10000,9
Audi A5,24384,28275,2
Audi A5,60670,10000,6
BMW X5,134475,10000,8
Mercedez Benz C class,139584,10000,8
BMW X5,148549,10000,9
Audi A5,9061,34437,1
Mercedez Benz C class,68478,16757,5
Audi A5,179746,10000,10
BMW X5,96190,10000,9
BMW X5,45469,31636,3
Mercedez Benz C class,53783,23602,4
Mercedez Benz C class,103202,10000,8
BMW X5,14856,40784,1
Audi A5,10242,44231,1
Mercedez Benz C class,39700,29808,3
Mercedez Benz C class,83667,10000,8
Audi A5,144091,10000,10
Audi A5,31402,26373,2
Audi A5,33053,33058,2
Mercedez Benz C class,71140,10000,7
BMW X5,47729,21696,4
Mercedez Benz C class,120669,10000,7
BMW X5,94931,10000,8
BMW X5,81171,16125,7
Audi A5,20187,37617,2
Audi A5,50956,19897,6
BMW X5,26479,39493,2
BMW X5,55275,15039,6
BMW X5,83011,11048,5
Mercedez Benz C class,100682,10000,7
Mercedez Benz C class,94462,10000,7
BMW X5,53394,27094,3
Mercedez Benz C class,19537,27075,2
Mercedez Benz C class,12021,36592,1
Audi A5,47070,21159,5
Audi A5,34926,32311,3
BMW X5,60618,10000,7
Mercedez Benz C class,87836,10000,5
Audi A5,75050,10000,6
Audi A5,124176,10000,7
BMW X5,33609,32045,2
Mercedez Benz C class,14604,40935,1
Mercedez Benz C class,76644,15392,5
Audi A5,70630,15275,4
BMW X5,34995,29660,3
BMW X5,120959,10000,10
Audi A5,34318,30100,2
BMW X5,60463,11587,5
BMW X5,17566,37978,2
Mercedez Benz C class,45208,26675,4
BMW X5,61830,23271,5
Mercedez Benz C class,145516,10000,10
BMW X5,59554,10000,6
BMW X5,12806,30888,1
Audi A5,78161,10000,9
BMW X5,70453,14413,6
Audi A5,17727,32226,2
BMW X5,89928,12245,8
Mercedez Benz C class,96972,10000,9
Audi A5,131400,10000,9
Mercedez Benz C class,50374,12594,5
Mercedez Benz C class,141771,10000,8
BMW X5,133038,10000,10
Mercedez Benz C class,99517,10000,10
Audi A5,65053,10000,7
Mercedez Benz C class,13467,31725,1
Audi A5,14473,42163,1
BMW X5,51281,25583,5
Audi A5,29636,35176,2
BMW X5,54144,23711,4
BMW X5,27016,37592,2
Mercedez Benz C class,99675,10000,6
Audi A5,110936,10594,7
Mercedez Benz C class,129913,10000,8
Audi A5,30869,34562,2
Audi A5,81180,11699,5
Audi A5,103805,18119,7
Audi A5,11703,33723,1
BMW X5,85157,16462,7
BMW X5,111246,16445,7
Audi A5,105835,10000,10
Mercedez Benz C class,149761,10000,9
Mercedez Benz C class,72989,19793,6
Mercedez Benz C class,129253,10000,10
Audi A5,77248,14010,9
BMW X5,71165,14853,5
Mercedez Benz C class,56786,10000,7
Audi A5,54735,16015,6
BMW X5,27994,31315,3
Audi A5,80339,10000,8
BMW X5,102835,16976,6
Mercedez Benz C class,77107,12118,6
Audi A5,88664,10000,10
BMW X5,95299,10000,8
BMW X5,108717,12250,8
BMW X5,106859,10000,8
Audi A5,21067,26904,2
BMW X5,14458,32367,1
Mercedez Benz C class,9550,38866,1
Mercedez Benz C class,89359,15687,7
Audi A5,91551,10000,7
Mercedez Benz C class,46489,32528,3
BMW X5,24267,28511,2
Audi A5,64245,10109,7
Mercedez Benz C class,41401,26788,3
Mercedez Benz C class,179223,10000,10
Mercedez Benz C class,24204,37081,2
Audi A5,160796,10000,9
Audi A5,90164,17389,7
Mercedez Benz C class,86829,10000,6
Mercedez Benz C class,53755,10814,5
BMW X5,102550,10000,10
Mercedez Benz C class,69888,28088,4
Audi A5,104977,10000,9
Audi A5,87249,10000,10
BMW X5,107728,10000,9
Mercedez Benz C class,79855,10000,5
Audi A5,78799,26603,5
BMW X5,86334,10000,9
BMW X5,9054,38563,1
Mercedez Benz C class,43642,26114,4
Audi A5,10330,40639,1
BMW X5,45178,33922,3
Audi A5,46304,27141,4
Audi A5,120254,10000,9
BMW X5,26618,39070,2
BMW X5,85607,10000,6
BMW X5,111516,10000,8
Mercedez Benz C class,81482,10000,10
Mercedez Benz C class,134902,10000,8
Mercedez Benz C class,90963,10000,9
BMW X5,27280,31503,2
BMW X5,76065,13138,5
Mercedez Benz C class,56383,20423,6
Mercedez Benz C class,81256,22857,6
Mercedez Benz C class,50116,25053,3
BMW X5,11658,37732,1
Mercedez Benz C class,120264,10000,10
BMW X5,88985,21293,5
Mercedez Benz C class,66995,15503,7
BMW X5,32007,30880,2
BMW X5,53010,11370,6
Audi A5,35262,29538,3
Mercedez Benz C class,78491,11964,6
Audi A5,16090,37684,1
BMW X5,83634,10000,7
Mercedez Benz C class,14231,33355,1
Audi A5,111198,10000,8
BMW X5,145297,10000,9
Audi A5,98163,10000,7
Audi A5,140213,10000,8
Mercedez Benz C class,52551,17571,5
BMW X5,58516,22089,4
Audi A5,8169,44678,1
BMW X5,37286,24579,4
Audi A5,55661,17594,5
BMW X5,72450,10000,6
BMW X5,17666,43169,1
Audi A5,27388,42090,2
BMW X5,72878,17134,5
Mercedez Benz C class,142240,10000,8
BMW X5,86833,23535,5
BMW X5,68444,24037,4
BMW X5,65791,16607,5
Mercedez Benz C class,27473,24576,3
Audi A5,95620,10000,7
Mercedez Benz C class,85912,10000,8
Audi A5,16602,31150,1
Audi A5,85939,10000,10
BMW X5,83101,10000,8
Mercedez Benz C class,99800,10000,8
BMW X5,96196,10000,6
Audi A5,34059,31805,2
BMW X5,8189,42504,1
Mercedez Benz C class,117222,10000,9
Mercedez Benz C class,8970,38126,1
Audi A5,86880,14185,7
Audi A5,155068,10000,10
Audi A5,95482,18224,6
BMW X5,149915,10000,10
BMW X5,88108,10000,8
BMW X5,108969,10000,9
BMW X5,53639,20650,4
Mercedez Benz C class,35027,31837,3
Audi A5,16312,34140,1
Mercedez Benz C class,19414,37533,2
Audi A5,48078,23677,4
Mercedez Benz C class,26256,30619,3
Audi A5,51354,26940,4
Mercedez Benz C class,45990,17869,3
BMW X5,68216,10000,8
BMW X5,159883,10000,10
Mercedez Benz C class,46591,17393,5
Mercedez Benz C class,55107,31959,4
BMW X5,48985,29988,4
Mercedez Benz C class,85681,10896,5
BMW X5,19603,38721,2
Mercedez Benz C class,31484,26212,3
Audi A5,71941,10000,7
BMW X5,175217,10000,10
Mercedez Benz C class,109648,10000,9
Audi A5,135074,10000,10
Mercedez Benz C class,68315,18994,4
BMW X5,70954,11404,5
Audi A5,118586,10000,9
Audi A5,83142,15560,6
BMW X5,49631,10000,6
Audi A5,44726,21986,5
BMW X5,60508,23087,5
Audi A5,36905,24076,4
Audi A5,87624,10000,6
Mercedez Benz C class,77434,11667,6
BMW X5,113860,10000,8
Mercedez Benz C class,128707,10000,8
Audi A5,57068,20021,5
BMW X5,69923,12762,6
Mercedez Benz C class,69089,10000,8
Mercedez Benz C class,49745,26036,5
Audi A5,120757,10480,7
Audi A5,30653,27768,2
Audi A5,63547,27236,4
Mercedez Benz C class,9082,44020,1
Audi A5,50496,32446,3
Mercedez Benz C class,99275,10000,9
Audi A5,104974,10000,8
Audi A5,52142,33616,3
BMW X5,39965,23481,3
Mercedez Benz C class,74370,11095,7
Mercedez Benz C class,157261,10000,10
BMW X5,67039,20037,4
BMW X5,97191,10000,10
Audi A5,40417,31245,4
BMW X5,67378,17444,4
Mercedez Benz C class,123017,10000,8
Audi A5,112656,10000,9
Mercedez Benz C class,51590,30416,3
Mercedez Benz C class,70097,18474,4
Audi A5,113914,10000,7
Mercedez Benz C class,8302,40872,1
Mercedez Benz C class,123577,10000,9
Mercedez Benz C class,67815,10000,6
Mercedez Benz C class,113922,10000,9
BMW X5,77286,18263,5
Mercedez Benz C class,8714,35214,1
Audi A5,77007,18228,5
BMW X5,132633,10000,10
Audi A5,70635,10000,7
Audi A5,64619,10000,7
BMW X5,46641,31980,4
BMW X5,28952,34651,2
Mercedez Benz C class,125548,10000,10
Mercedez Benz C class,75104,10000,9
Mercedez Benz C class,39016,24196,4
Mercedez Benz C class,53288,24382,5
BMW X5,60962,25469,5
Mercedez Benz C class,66735,10000,7
Audi A5,24568,25596,3
Mercedez Benz C class,13726,40770,1
BMW X5,125828,10000,9
Audi A5,60897,14989,5
Mercedez Benz C class,81026,10000,7
Audi A5,102715,10000,9
BMW X5,17118,30562,1
BMW X5,83418,10000,8
Mercedez Benz C class,8045,38377,1
BMW X5,70053,25519,6
Audi A5,75968,16603,5
Audi A5,114647,10000,8
BMW X5,22652,32148,2
Audi A5,32675,36683,2
BMW X5,55491,27990,4
Audi A5,56967,10000,7
Mercedez Benz C class,17584,41730,1
BMW X5,62128,24707,4
Audi A5,52783,19105,4
BMW X5,119385,10000,10
BMW X5,84582,10000,8
Audi A5,66618,20461,5
BMW X5,134582,10000,9
Audi A5,134496,10000,9
BMW X5,57943,22780,4
BMW X5,13975,38996,1
Mercedez Benz C class,34087,36463,2
Audi A5,33413,16751,4
BMW X5,154548,10000,9
Audi A5,127777,10000,8
Audi A5,111089,10000,9
BMW X5,12353,38878,1
BMW X5,106387,10000,8
BMW X5,84584,15057,6
Mercedez Benz C class,42167,14766,5
Audi A5,50643,23511,5
BMW X5,137347,10000,9
BMW X5,20271,36492,2
Audi A5,84571,10000,7
Audi A5,13129,37193,1
Mercedez Benz C class,63682,12447,5
Audi A5,57554,24904,6
Audi A5,77656,20247,6
Audi A5,65191,10000,8
Audi A5,20316,30004,2
Mercedez Benz C class,38555,21281,4
Mercedez Benz C class,92771,10000,8
BMW X5,94665,10000,8
Audi A5,91863,10000,8
Audi A5,127536,15230,9
BMW X5,28829,33752,3
Mercedez Benz C class,70467,17505,5
Mercedez Benz C class,104035,11858,6
Mercedez Benz C class,89163,10000,10
BMW X5,60999,22465,5
Mercedez Benz C class,107166,10000,8
BMW X5,108363,10000,10
Audi A5,35956,37455,2
Audi A5,26464,28042,3
BMW X5,89750,23104,5
Audi A5,122827,10000,8
BMW X5,97176,10000,10
Mercedez Benz C class,94990,10000,6
Mercedez Benz C class,11151,32825,1
Audi A5,153947,10000,10
Audi A5,102529,10000,7
Audi A5,22810,38869,2
Audi A5,85155,13151,5
Mercedez Benz C class,91625,10206,7
Mercedez Benz C class,105491,10000,8
Mercedez Benz C class,69242,17092,7
BMW X5,60465,20271,6
Audi A5,92841,10000,9
Mercedez Benz C class,73335,10000,6
Audi A5,105633,17285,6
Audi A5,30513,27687,2
BMW X5,177691,10000,10
BMW X5,93036,10000,9
Audi A5,157946,10000,9
Audi A5,50872,19032,4
Mercedez Benz C class,101133,10000,8
Audi A5,50766,31211,3
Mercedez Benz C class,92706,19935,6
Mercedez Benz C class,45167,20475,3
Mercedez Benz C class,59740,11129,6
Mercedez Benz C class,160147,10000,10
Audi A5,35878,27592,4
Audi A5,84720,10000,6
BMW X5,91261,10162,8
Audi A5,58454,19180,5
Audi A5,17755,44329,1
Mercedez Benz C class,28886,23299,3
Mercedez Benz C class,97525,10000,10
Audi A5,60988,14828,6
BMW X5,154753,10000,9
Mercedez Benz C class,123417,10000,10
Mercedez Benz C class,141453,10000,9
Audi A5,48949,24871,3
Mercedez Benz C class,139834,10000,10
Audi A5,72260,15798,7
BMW X5,16828,40889,1
Audi A5,72800,15375,8
BMW X5,36342,19616,4
Mercedez Benz C class,86929,10000,8
Mercedez Benz C class,93550,10652,6
Audi A5,38938,19436,4
BMW X5,88769,10000,9
BMW X5,109066,11695,8
Mercedez Benz C class,69419,10000,8
BMW X5,87494,10000,8
Mercedez Benz C class,131719,10000,9
Mercedez Benz C class,52936,23408,5
Mercedez Benz C class,51891,18965,6
Audi A5,94683,10000,10
Mercedez Benz C class,139847,10000,9
Audi A5,73134,10000,9
Audi A5,99858,10000,8
Mercedez Benz C class,136107,10000,8
BMW X5,104880,10000,9
Audi A5,65278,14263,6
BMW X5,162286,10000,10
Mercedez Benz C class,35431,20838,4
BMW X5,82271,10000,8
BMW X5,47220,21060,4
Mercedez Benz C class,90191,10000,8
Audi A5,60183,10000,6
Audi A5,20234,37848,2
BMW X5,17916,41302,1
BMW X5,42184,17879,4
BMW X5,142331,10000,8
BMW X5,46354,28357,4
Audi A5,66562,27026,4
Mercedez Benz C class,126627,10000,8
BMW X5,45752,18201,4
Mercedez Benz C class,105263,10000,7
Audi A5,114228,10000,8
Audi A5,160219,10000,9
Mercedez Benz C class,114317,10725,7
Mercedez Benz C class,36053,32979,3
Audi A5,62215,26130,4
Mercedez Benz C class,111255,10000,9
Audi A5,84515,10000,10
Mercedez Benz C class,88233,10000,6
Audi A5,39012,23879,3
Mercedez Benz C class,14744,30103,1
Mercedez Benz C class,27174,33999,3
Mercedez Benz C class,16670,45017,1
Audi A5,46753,21449,3
Mercedez Benz C class,119190,10000,7
Audi A5,99120,10000,10
BMW X5,145879,10000,9
Audi A5,39581,35036,3
Mercedez Benz C class,16745,34673,2
Audi A5,30455,22762,2
BMW X5,161028,10000,9
BMW X5,125678,10000,10
Audi A5,35687,33326,2
BMW X5,84528,10000,10
Mercedez Benz C class,35719,28437,3
Mercedez Benz C class,62229,18698,5
BMW X5,13327,33390,1
Mercedez Benz C class,53900,16114,3
Mercedez Benz C class,11913,30740,1
Mercedez Benz C class,90679,17285,6
Audi A5,129549,10000,8
Audi A5,46813,21142,3
Mercedez Benz C class,117437,16057,8
Audi A5,89071,10000,7
Audi A5,14271,30589,1
Mercedez Benz C class,99140,10000,9
Mercedez Benz C class,10412,33119,1
Audi A5,58373,24302,4
BMW X5,131790,10000,9
Audi A5,48785,28417,3
Audi A5,111784,10000,7
BMW X5,54563,27598,4
Mercedez Benz C class,112004,10000,8
BMW X5,105466,10000,10
BMW X5,85800,10000,8
Mercedez Benz C class,27655,34591,3
BMW X5,137350,10000,8
Mercedez Benz C class,119693,10000,10
BMW X5,42273,15651,4
Audi A5,89480,10000,9
Audi A5,62806,16495,7
Mercedez Benz C class,116483,10000,9
BMW X5,74653,11096,6
Audi A5,15804,40306,1
BMW X5,53282,19000,3
BMW X5,35114,27906,3
BMW X5,123519,10000,10
BMW X5,20250,33687,2
BMW X5,159533,10000,9
Mercedez Benz C class,17855,40141,1
Mercedez Benz C class,130617,10000,9
Audi A5,99975,10000,8
BMW X5,87583,10000,9
Audi A5,152157,10000,10
BMW X5,18395,34266,2
BMW X5,17701,31492,2
Audi A5,47463,18609,5
BMW X5,27261,37143,2
Audi A5,104888,13511,9
BMW X5,90333,10000,7
BMW X5,49264,10000,6
Audi A5,29478,23857,2
BMW X5,51835,10000,5
Mercedez Benz C class,53753,31082,3
Audi A5,70078,25744,4
Audi A5,71896,13015,6
Mercedez Benz C class,119237,10000,9
Mercedez Benz C class,15762,36889,1
BMW X5,138220,10000,10
Mercedez Benz C class,32680,26841,2
Audi A5,32998,29420,2
BMW X5,71775,14588,5
Audi A5,11739,31643,1
BMW X5,150125,10000,9
Audi A5,147239,10000,10
Audi A5,69487,13641,6
BMW X5,49402,23364,4
Mercedez Benz C class,152288,10000,10
Mercedez Benz C class,16289,37343,1
Mercedez Benz C class,155963,10000,9
Mercedez Benz C class,117915,10000,8
Audi A5,134626,10000,9
Audi A5,55292,10000,6
Mercedez Benz C class,125229,10000,9
Mercedez Benz C class,121103,10000,9
Mercedez Benz C class,81991,10000,9
BMW X5,48888,25030,4
Audi A5,57714,23863,5
Mercedez Benz C class,80719,10000,9
BMW X5,68506,16416,4
BMW X5,70953,10000,8
BMW X5,11327,31010,1
Mercedez Benz C class,164506,10000,10
BMW X5,27966,34383,2
Mercedez Benz C class,102195,10000,6
Audi A5,65459,24430,5
BMW X5,10632,41570,1
Audi A5,126596,10000,8
Mercedez Benz C class,70832,12654,5
Audi A5,163049,10000,10
Audi A5,110240,10000,7
Mercedez Benz C class,93559,10000,10
Mercedez Benz C class,52783,23827,3
Mercedez Benz C class,10470,32868,1
Mercedez Benz C class,64057,13351,6
Mercedez Benz C class,106173,10000,10
BMW X5,103315,10000,9
BMW X5,102104,12355,6
Mercedez Benz C class,50806,30584,3
Audi A5,25778,34975,2
Audi A5,136681,10000,10
BMW X5,68843,10000,6
BMW X5,27333,25976,2
Audi A5,105990,10000,8
Mercedez Benz C class,19992,27902,2
BMW X5,126364,10000,10
BMW X5,115122,10000,7
Audi A5,117550,10000,8
Audi A5,52637,24066,4
Audi A5,174676,10000,10
BMW X5,84393,16299,6
BMW X5,105344,10000,7
BMW X5,134288,10000,9
Audi A5,139507,10000,9
Audi A5,34205,26132,3
BMW X5,95209,10000,10
BMW X5,83223,10333,5
Audi A5,91454,10000,10
Audi A5,44882,29135,3
Mercedez Benz C class,76723,25294,5
BMW X5,65076,16172,6
BMW X5,53518,26522,5
Mercedez Benz C class,24383,40121,2
Audi A5,91316,14654,6
BMW X5,50427,10000,6
Mercedez Benz C class,55748,25261,4
Audi A5,14158,40424,1
Mercedez Benz C class,63734,22573,4
Audi A5,125315,10000,8
BMW X5,123838,10000,10
Mercedez Benz C class,11444,44692,1
Mercedez Benz C class,15412,36505,1
Audi A5,16559,40793,1
Mercedez Benz C class,11285,38556,1
Audi A5,64898,10000,8
Audi A5,53368,10000,6
Audi A5,22243,29832,2
Audi A5,159463,10000,10
Mercedez Benz C class,101246,10000,7
Audi A5,71025,10000,8
Audi A5,33531,33738,2
Audi A5,131984,10000,10
Audi A5,127355,10000,10
Audi A5,75275,18139,5
Mercedez Benz C class,60268,19730,7
BMW X5,56320,16834,4
Mercedez Benz C class,88095,10000,9
BMW X5,91904,10000,8
BMW X5,95000,10000,8
Mercedez Benz C class,125363,10000,7
Audi A5,55397,21928,6
BMW X5,61390,14715,7
Audi A5,83994,10000,8
Mercedez Benz C class,94552,11780,6
Audi A5,103255,10000,9
Mercedez Benz C class,31462,24130,2
Mercedez Benz C class,71196,11599,6
Audi A5,161345,10000,9
Mercedez Benz C class,50020,32561,3
Mercedez Benz C class,103184,10000,7
Audi A5,17500,32064,2
BMW X5,13309,42632,1
Audi A5,11335,34054,1
Mercedez Benz C class,25472,31242,2
Mercedez Benz C class,34414,33721,4
Mercedez Benz C class,66199,16290,5
Audi A5,10842,30752,1
BMW X5,86908,10000,6
BMW X5,67757,32079,4
BMW X5,12330,39530,1
Mercedez Benz C class,123449,10000,8
BMW X5,125230,10000,8
Audi A5,158084,10000,9
Audi A5,108949,10000,8
BMW X5,83761,21545,5
BMW X5,106096,13302,6
Mercedez Benz C class,53473,28137,3
Audi A5,35673,27415,3
Audi A5,58705,22862,5
Mercedez Benz C class,33438,37836,2
Audi A5,66092,16618,4
BMW X5,135865,10000,8
Mercedez Benz C class,86931,10000,9
Mercedez Benz C class,115119,10000,10
Audi A5,26877,35290,2
BMW X5,13412,33884,1
Mercedez Benz C class,88625,10000,8
Mercedez Benz C class,9118,32209,1
Mercedez Benz C class,65044,10801,5
Audi A5,26257,38850,2
Mercedez Benz C class,25438,37522,2
BMW X5,44746,25872,4
Mercedez Benz C class,78565,13215,9
Mercedez Benz C class,61836,10000,6
BMW X5,102055,10458,10
BMW X5,17641,39385,1
BMW X5,152006,10000,9
BMW X5,111848,10000,9
BMW X5,33433,17552,4
Mercedez Benz C class,34032,35547,3
Mercedez Benz C class,27523,27917,2
Mercedez Benz C class,37744,27664,4
BMW X5,121538,10000,10
BMW X5,152604,10000,10
Audi A5,68397,29495,4
Audi A5,101289,10000,8
Audi A5,172857,10000,10
Audi A5,66659,10000,8
Mercedez Benz C class,15447,37139,1
Audi A5,113850,10000,10
BMW X5,110658,10000,9
Mercedez Benz C class,42804,31265,4
Audi A5,44174,22575,5
Audi A5,68511,23542,5
BMW X5,17024,38759,1
BMW X5,142411,10000,10
BMW X5,10396,42746,1
Audi A5,88220,10000,6
Audi A5,12308,39738,1
Mercedez Benz C class,35043,26340,2
Audi A5,27864,28499,3
BMW X5,16596,28587,2
BMW X5,51408,24026,3
Audi A5,64383,16858,6
BMW X5,118405,10000,8
Mercedez Benz C class,14559,35512,1
Mercedez Benz C class,150744,10000,9
Audi A5,26062,34687,2
BMW X5,87565,10000,10
Mercedez Benz C class,102144,10000,10
BMW X5,80265,17893,5
Audi A5,49641,37545,3
Audi A5,78547,13230,5
BMW X5,63247,15215,5
Mercedez Benz C class,13916,34358,1
Audi A5,16448,36329,1
BMW X5,119964,10861,7
BMW X5,58221,22678,5
Audi A5,119163,10000,9
BMW X5,147560,10000,9
BMW X5,58267,22966,5
Audi A5,127999,10000,9
Mercedez Benz C class,68272,10000,8
Audi A5,31293,23587,2
Audi A5,72510,10000,8
Audi A5,99278,10000,9
Audi A5,110215,12603,7
Audi A5,86945,21599,5
BMW X5,81698,23454,5
Mercedez Benz C class,85660,10000,8
BMW X5,10468,37998,1
BMW X5,39699,28469,4
BMW X5,26135,31646,2
Mercedez Benz C class,13526,42939,1
Mercedez Benz C class,82137,16900,5
Audi A5,50651,14361,5
Audi A5,9285,35543,1
Mercedez Benz C class,9406,36394,1
Audi A5,15695,34846,1
Audi A5,28771,30792,2
Mercedez Benz C class,140099,10000,9
Mercedez Benz C class,57856,17581,5
Audi A5,88625,15474,7
Mercedez Benz C class,82839,10000,8
BMW X5,102059,10000,6
Mercedez Benz C class,55742,25037,5
BMW X5,72064,10000,8
Audi A5,17049,44857,1
Audi A5,92842,10000,6
Mercedez Benz C class,95571,10000,6
Mercedez Benz C class,61233,33732,4
BMW X5,67448,10000,8
BMW X5,18501,37178,2
BMW X5,16976,32947,1
Audi A5,110634,10000,7
Mercedez Benz C class,65779,10000,5
Audi A5,86772,10000,9
Mercedez Benz C class,12947,34084,1
Audi A5,32013,27419,4
BMW X5,15208,45220,1
Audi A5,57676,10000,7
Audi A5,146034,10000,9
Audi A5,60856,10963,5
BMW X5,137556,10000,8
Mercedez Benz C class,10758,42064,1
Audi A5,89408,13519,6
Mercedez Benz C class,15658,34888,1
BMW X5,44722,19143,5
Audi A5,11608,31037,1
Mercedez Benz C class,28001,35551,2
Audi A5,9198,39630,1
Mercedez Benz C class,168346,10000,10
BMW X5,28289,37224,3
Mercedez Benz C class,161757,10000,9
Audi A5,111742,10000,10
BMW X5,8080,34797,1
Mercedez Benz C class,144015,10000,10
BMW X5,117720,10000,8
BMW X5,89272,17646,5
BMW X5,90824,10000,10
BMW X5,46106,27785,3
BMW X5,128591,10000,8
BMW X5,12930,36318,1
BMW X5,25504,32442,3
BMW X5,97262,10000,9
BMW X5,58125,16834,6
Mercedez Benz C class,48905,10000,6
BMW X5,81765,10431,6
Mercedez Benz C class,125277,10000,8
Audi A5,80346,18196,5
Mercedez Benz C class,84044,13034,7
Mercedez Benz C class,10182,31177,1
BMW X5,100131,10000,7
BMW X5,43171,28279,3
Audi A5,19419,36872,2
BMW X5,69213,14914,8
BMW X5,31552,31153,2
BMW X5,124363,10000,9
Audi A5,45455,29451,4
Audi A5,137129,10000,10
Audi A5,104480,17876,7
Mercedez Benz C class,8019,43756,1
Mercedez Benz C class,17253,41888,2
Mercedez Benz C class,74389,10000,7
Audi A5,41647,12707,5
Audi A5,87647,10000,8
Audi A5,12275,45221,1
Mercedez Benz C class,107520,10000,9
Mercedez Benz C class,36473,27702,3
BMW X5,37895,23898,3
BMW X5,100830,10000,6
BMW X5,52178,13232,4
Mercedez Benz C class,123936,10000,9
Audi A5,85859,10000,6
BMW X5,67342,10000,7
BMW X5,121581,10000,9
Audi A5,111232,10000,7
Audi A5,14043,37903,1
Audi A5,174165,10000,10
Mercedez Benz C class,138865,10000,8
BMW X5,112135,13487,7
BMW X5,33589,27001,3
Audi A5,136127,10000,9
Audi A5,88209,10000,10
BMW X5,43732,24784,4
Audi A5,116531,10000,9
Mercedez Benz C class,53620,11220,6
BMW X5,94698,10000,9
BMW X5,88192,10000,7
Mercedez Benz C class,68898,15353,6
Audi A5,9959,40562,1
Audi A5,142246,10000,8
BMW X5,44440,26077,4
Audi A5,43823,24740,3
Mercedez Benz C class,146325,10000,9
Audi A5,88607,10000,9
Mercedez Benz C class,155627,10000,9
Mercedez Benz C class,147958,10000,9
Audi A5,70129,13165,5
Audi A5,66618,10000,8
Mercedez Benz C class,33799,34011,3
Audi A5,106294,10000,10
Audi A5,122006,10000,7
Audi A5,22219,38108,2
Audi A5,179927,10000,10
BMW X5,19770,38567,2
Audi A5,40318,24551,5
Mercedez Benz C class,87477,10000,7
Audi A5,64454,10228,6
Audi A5,82653,20923,6
Audi A5,130242,10000,8
BMW X5,76080,10000,6
Audi A5,34211,20205,3
Mercedez Benz C class,16089,41132,1
BMW X5,42424,26922,4
Audi A5,80447,12042,5
Mercedez Benz C class,84334,10000,8
Audi A5,49224,28975,3
Mercedez Benz C class,58784,10000,7
Audi A5,126050,10000,8
BMW X5,14831,32015,1
BMW X5,138324,10000,9
BMW X5,15073,39971,1
BMW X5,151351,10000,10
BMW X5,59902,10000,6
Mercedez Benz C class,99609,10000,10
BMW X5,31899,25311,2
Mercedez Benz C class,71652,15884,5
Mercedez Benz C class,77097,15167,6
Mercedez Benz C class,52994,16044,6
Audi A5,57922,20294,4
BMW X5,79982,12859,6
Audi A5,87153,10000,7
Mercedez Benz C class,92279,10000,6
Mercedez Benz C class,11106,39401,1
Audi A5,121749,10870,9
Mercedez Benz C class,65625,18884,4
Mercedez Benz C class,122698,10000,9
Audi A5,45165,28781,3
Audi A5,94699,11233,6
Audi A5,50813,21371,4
Audi A5,72730,19511,5
Audi A5,105658,10000,8
BMW X5,28995,39634,2
Audi A5,43023,36026,3
BMW X5,15381,34185,1
Audi A5,73016,10000,7
BMW X5,91039,13257,6
Audi A5,59033,26809,6
Audi A5,81372,13943,7
Mercedez Benz C class,86741,14401,5
Audi A5,50923,12910,6
BMW X5,22131,25242,2
Mercedez Benz C class,79662,10000,7
Mercedez Benz C class,60594,18181,4
Audi A5,78869,10000,9
Mercedez Benz C class,95017,10000,6
Mercedez Benz C class,27564,34834,2
Mercedez Benz C class,124818,10000,9
Mercedez Benz C class,50160,28741,3
BMW X5,16383,40191,1
BMW X5,61923,23530,6
Mercedez Benz C class,15501,39942,1
Audi A5,31374,29858,2
BMW X5,102214,10000,7
Audi A5,93352,10000,9
Mercedez Benz C class,9025,33912,1
Mercedez Benz C class,114521,10000,10
BMW X5,78291,17436,6
BMW X5,17002,34167,1
Audi A5,71685,17155,8
Mercedez Benz C class,141130,11177,9
Mercedez Benz C class,27704,31565,3
Mercedez Benz C class,112304,10086,7
Mercedez Benz C class,154257,10000,10
Audi A5,157862,10000,10
Mercedez Benz C class,93499,10000,9
Mercedez Benz C class,22436,29041,2
Mercedez Benz C class,140711,10000,10
BMW X5,106336,10000,10
Mercedez Benz C class,103629,10000,7
Mercedez Benz C class,32472,36463,2
BMW X5,92108,10000,8
Audi A5,71981,10000,8
Audi A5,87579,10000,7
Audi A5,53785,18965,4
Mercedez Benz C class,87251,10000,8
Mercedez Benz C class,124020,10782,8
BMW X5,157717,10000,10
Mercedez Benz C class,121193,10000,10
Audi A5,80275,10000,9
BMW X5,124388,10000,10
Mercedez Benz C class,78448,16795,6
BMW X5,28620,27823,2
Audi A5,126577,10000,8
BMW X5,125350,10000,7
Mercedez Benz C class,106746,10000,9
Mercedez Benz C class,59115,10424,5
BMW X5,61773,24184,4
Mercedez Benz C class,24548,27184,3
Mercedez Benz C class,72550,13853,5
BMW X5,17233,34128,1
BMW X5,18072,29044,2
Mercedez Benz C class,34299,26164,4
Mercedez Benz C class,44380,23948,4
Mercedez Benz C class,83496,16848,6
BMW X5,42951,18590,4
Audi A5,120048,10000,7
Audi A5,15883,41856,1
Mercedez Benz C class,53561,14743,6
BMW X5,51798,26033,3
BMW X5,96084,10000,6
BMW X5,46473,24058,3
Mercedez Benz C class,64215,19173,4
BMW X5,29415,28241,3
Mercedez Benz C class,113290,10000,8
Mercedez Benz C class,46877,19185,5
Mercedez Benz C class,38701,19365,4
BMW X5,51691,12245,4
Audi A5,11793,41403,1
Mercedez Benz C class,75378,12794,8
BMW X5,22044,36533,2
BMW X5,125722,10000,8
Mercedez Benz C class,23578,39527,2
BMW X5,62634,20691,4
BMW X5,66501,29500,4
Mercedez Benz C class,125932,10000,8
Audi A5,105881,10000,10
Mercedez Benz C class,16820,34252,1
BMW X5,50501,29424,4
Audi A5,38168,25781,3
BMW X5,121107,10117,9
Mercedez Benz C class,45411,18233,4
BMW X5,60091,10211,6
Audi A5,17473,30211,2
Audi A5,15193,36899,1
BMW X5,74794,10000,5
BMW X5,64018,10000,7
BMW X5,103042,10000,8
BMW X5,26387,27148,2
Mercedez Benz C class,58066,15195,4
BMW X5,54792,27120,4
BMW X5,113445,10000,7
Mercedez Benz C class,73708,13066,7
Audi A5,93954,10000,6
BMW X5,79796,22873,5
Mercedez Benz C class,26116,26694,3
Audi A5,46686,27018,3
BMW X5,80213,13004,7
Mercedez Benz C class,16206,38122,1
Mercedez Benz C class,63739,22174,4
Mercedez Benz C class,85787,10000,10
Mercedez Benz C class,28960,30025,3
Mercedez Benz C class,85576,10000,8
Mercedez Benz C class,76401,11745,9
Audi A5,10527,36501,1
Mercedez Benz C class,54699,18222,4
Audi A5,43671,33879,3
BMW X5,98516,13002,6
Mercedez Benz C class,116476,10000,9
BMW X5,51005,20694,5
Mercedez Benz C class,34276,34699,2
BMW X5,107690,10000,10
Audi A5,47874,29635,5
Mercedez Benz C class,64633,23462,5
Audi A5,178692,10000,10
Audi A5,77015,10000,9
Mercedez Benz C class,36673,21490,4
Audi A5,134408,10000,9
Mercedez Benz C class,86772,10000,8
BMW X5,159740,10000,9
Mercedez Benz C class,171295,10000,10
BMW X5,44951,32937,4
BMW X5,26067,37735,2
BMW X5,68035,19366,5
Mercedez Benz C class,13221,37497,1
Mercedez Benz C class,33566,25200,2
BMW X5,90858,10000,7
BMW X5,66283,10000,7
BMW X5,61408,29196,4
Audi A5,67422,10000,8
Audi A5,30673,29022,3
Mercedez Benz C class,25117,33881,3
BMW X5,95793,10000,8
Audi A5,70223,10000,6
Mercedez Benz C class,16773,30932,1
Mercedez Benz C class,43213,31299,3
Mercedez Benz C class,102971,10000,10
Audi A5,138667,10000,8
BMW X5,30516,31733,2
Mercedez Benz C class,30689,25012,3
BMW X5,32500,18202,4
BMW X5,142102,10000,9
BMW X5,83888,10000,7
Audi A5,27339,32599,3
Audi A5,29390,23067,3
Mercedez Benz C class,21593,39155,2
BMW X5,8853,33242,1
Mercedez Benz C class,125750,10000,7
BMW X5,85056,21686,7
Audi A5,119043,10000,8
BMW X5,107550,10000,7
BMW X5,14697,36748,1
Audi A5,143687,10000,10
Mercedez Benz C class,152075,10000,9
Mercedez Benz C class,82438,16755,6
Mercedez Benz C class,120459,10000,7
Audi A5,137706,10000,9
Audi A5,15107,40168,1
Audi A5,52963,13147,5
BMW X5,90757,10000,7
BMW X5,52787,27342,3
Audi A5,87972,12190,6
BMW X5,118386,10000,8
BMW X5,13425,42420,1
BMW X5,146273,10000,9
Audi A5,131561,10000,9
BMW X5,98073,10000,9
BMW X5,174285,10000,10
Mercedez Benz C class,33947,24548,4
BMW X5,58752,15427,7
BMW X5,56365,26226,4
Audi A5,14677,39393,1
Audi A5,47455,25163,5
Mercedez Benz C class,138264,10000,10
Audi A5,85588,15526,6
BMW X5,82973,10000,9
Audi A5,30075,26759,2
Mercedez Benz C class,17079,31530,1
Mercedez Benz C class,73188,23003,6
BMW X5,76686,10000,6
BMW X5,9161,38578,1
BMW X5,67421,12413,5
Mercedez Benz C class,94026,10000,8
Mercedez Benz C class,45746,27124,4
BMW X5,20052,28824,2
BMW X5,46660,17856,4
BMW X5,91502,10000,6
Audi A5,73539,10000,7
Audi A5,27143,27706,2
Mercedez Benz C class,81050,10000,6
Audi A5,66470,22504,5
Audi A5,93573,10000,9
Audi A5,137346,10000,10
Audi A5,99606,10000,8
BMW X5,75499,10000,9
Audi A5,89866,10000,8
Mercedez Benz C class,143501,10000,10
Mercedez Benz C class,24137,38368,2
BMW X5,95052,10000,8
Audi A5,48454,24975,4
Mercedez Benz C class,83359,19472,5
Mercedez Benz C class,52192,31004,3
Mercedez Benz C class,133463,10000,9
Audi A5,60782,18132,7
Mercedez Benz C class,69227,20487,5
Mercedez Benz C class,72563,13629,7
Audi A5,123451,10000,9
Mercedez Benz C class,129523,10000,9
Mercedez Benz C class,15828,38686,1
Mercedez Benz C class,144917,10000,9
Audi A5,29276,25363,2
BMW X5,45860,21108,3
BMW X5,131548,10000,8
BMW X5,67294,16132,7
Audi A5,52637,19800,4
Mercedez Benz C class,106955,10000,7
Audi A5,121534,12209,7
Audi A5,77521,10000,6
Mercedez Benz C class,76577,10000,9
Mercedez Benz C class,65096,16738,5
BMW X5,50395,23315,4
Mercedez Benz C class,48318,21675,3
BMW X5,65240,12469,4
Mercedez Benz C class,34261,22135,4
BMW X5,129022,10000,10
BMW X5,71948,10000,6
BMW X5,72609,10000,6
BMW X5,46067,24670,3
BMW X5,160945,10000,10
Mercedez Benz C class,134689,10000,8
BMW X5,161423,10000,9
Mercedez Benz C class,74106,18406,8
Audi A5,24893,31914,2
Mercedez Benz C class,16604,32100,1
Mercedez Benz C class,34610,21827,3
Audi A5,122967,10000,8
BMW X5,116182,10000,7
Audi A5,104151,10000,9
Audi A5,90587,10000,10
BMW X5,55779,26546,4
Mercedez Benz C class,40594,28460,4
BMW X5,106366,12216,7
Mercedez Benz C class,32763,26460,3
Audi A5,88515,10000,10
Mercedez Benz C class,34382,25530,3
BMW X5,57366,10000,6
Mercedez Benz C class,48870,18275,4
Mercedez Benz C class,47212,34438,3
Audi A5,12049,36207,1
BMW X5,37657,16979,4
BMW X5,41645,18525,4
Mercedez Benz C class,120624,10000,10
Mercedez Benz C class,10257,33589,1
BMW X5,19872,24549,2
Audi A5,27402,41226,2
Mercedez Benz C class,16116,31729,1
BMW X5,32891,22462,4
BMW X5,48618,21519,6
BMW X5,66089,13825,8
BMW X5,94507,10000,9
Mercedez Benz C class,77498,10000,6
Mercedez Benz C class,10174,43754,1
Audi A5,102905,10000,10
Audi A5,130635,10000,8
BMW X5,118631,10000,9
BMW X5,77672,10000,9
BMW X5,12904,44248,1
Audi A5,168977,10000,10
Audi A5,9732,39207,1
Audi A5,155879,10000,9
BMW X5,158554,10000,9
Mercedez Benz C class,41068,35106,3
BMW X5,51043,18291,6
Mercedez Benz C class,70619,22137,4
Mercedez Benz C class,9263,39695,1
BMW X5,114523,10000,10
BMW X5,22008,37123,2
BMW X5,118342,10000,9
Mercedez Benz C class,89589,10000,9
Audi A5,67942,26966,4
Audi A5,52930,17551,6
Audi A5,8765,35696,1
Audi A5,76754,13027,5
BMW X5,173016,10000,10
BMW X5,122497,10000,10
Mercedez Benz C class,142741,10000,9
Mercedez Benz C class,71489,21776,6
Mercedez Benz C class,31187,32666,2
Audi A5,9732,35159,1
Audi A5,170098,10000,10
Mercedez Benz C class,84343,20042,5
Audi A5,25411,32865,3
Audi A5,11445,33831,1
Audi A5,84898,10000,7
BMW X5,18155,27169,2
Mercedez Benz C class,125984,10000,7
Audi A5,75782,10000,5
Mercedez Benz C class,159376,10000,10
BMW X5,27029,34329,3
Audi A5,69255,16733,7
Mercedez Benz C class,66463,10000,7
Mercedez Benz C class,16766,35787,1
BMW X5,38062,28577,3
Mercedez Benz C class,84351,10000,8
BMW X5,89153,21871,5
BMW X5,109016,10000,8
BMW X5,10914,32309,1
Audi A5,34363,18659,3
Mercedez Benz C class,51627,21086,3
BMW X5,135752,10000,10
BMW X5,87862,10000,9
Audi A5,43894,20562,3
BMW X5,96035,10000,8
BMW X5,24911,28384,2
Audi A5,48838,22341,5
Mercedez Benz C class,59726,14994,7
BMW X5,120506,10000,9
BMW X5,69323,22224,4
Audi A5,56483,13261,4
Mercedez Benz C class,111163,10000,9
Audi A5,81065,23510,5
BMW X5,131121,10000,9
Audi A5,26654,25275,3
BMW X5,12079,41682,1
BMW X5,12114,42652,1
Mercedez Benz C class,48883,30306,3
Mercedez Benz C class,120660,10000,10
Audi A5,65485,24082,4
Mercedez Benz C class,102965,10000,8
BMW X5,88599,10000,10
Audi A5,139824,12562,8
Mercedez Benz C class,17590,41393,1
Mercedez Benz C class,66784,10000,8
Audi A5,69989,22738,4
Mercedez Benz C class,139594,10000,10
BMW X5,34011,31508,3
BMW X5,123119,10000,7
Mercedez Benz C class,55601,17944,4
Audi A5,60396,14752,6
BMW X5,106109,10000,10
Mercedez Benz C class,177355,10000,10
Mercedez Benz C class,104849,13876,8
Mercedez Benz C class,70328,10000,6
Audi A5,31725,30060,3
Audi A5,79531,16473,5
Audi A5,99687,10000,9
Audi A5,62972,17694,5
BMW X5,47970,16413,5
BMW X5,96159,10000,9
BMW X5,75829,10784,7
Mercedez Benz C class,40196,30677,3
BMW X5,33905,17972,4
BMW X5,11755,33811,1
BMW X5,65668,10000,7
Mercedez Benz C class,96544,10000,9
Mercedez Benz C class,73588,23955,6
Audi A5,53675,22673,3
BMW X5,11351,40943,1
Audi A5,86930,10000,9
Mercedez Benz C class,105596,10000,10
Audi A5,43594,22993,3
Mercedez Benz C class,13617,44886,1
BMW X5,72679,14611,6
BMW X5,99977,10000,7
Audi A5,123911,10000,8
Mercedez Benz C class,51169,24465,4
Audi A5,33909,29198,2
BMW X5,68971,10998,6
Mercedez Benz C class,52959,18204,6
Mercedez Benz C class,105442,10000,8
Audi A5,106491,10000,8
BMW X5,53710,26970,4
Audi A5,159403,10000,10
Mercedez Benz C class,162792,10000,10
Audi A5,67294,17915,6
Audi A5,40836,29844,3
BMW X5,32033,18447,4
Mercedez Benz C class,91972,10128,9
Mercedez Benz C class,107640,10000,10
BMW X5,156459,10000,9
Audi A5,123393,10000,7
Audi A5,63364,27065,4
Mercedez Benz C class,89625,19925,5
Mercedez Benz C class,130479,10000,9
Mercedez Benz C class,87638,10000,8
Mercedez Benz C class,90488,10000,10
BMW X5,87959,10000,5
BMW X5,49979,25058,3
BMW X5,41657,15422,4
Audi A5,65086,17397,5
Audi A5,72293,10000,7
BMW X5,54872,22447,6
Mercedez Benz C class,14232,34330,1
BMW X5,61643,22795,5
Mercedez Benz C class,146243,11471,9
Audi A5,93049,12286,7
Mercedez Benz C class,43458,31041,4
BMW X5,177095,10000,10
Audi A5,128207,10000,10
Audi A5,100590,21172,6
Audi A5,18383,28193,2
Audi A5,51116,13953,6
BMW X5,137365,10000,8
Audi A5,13387,40096,1
BMW X5,28940,26272,3
Audi A5,54405,23298,4
Audi A5,84928,10000,9
Mercedez Benz C class,138378,10000,9
BMW X5,81376,21263,6
Mercedez Benz C class,39898,23363,3
Audi A5,69388,27469,5
Mercedez Benz C class,9362,45379,1
Audi A5,54771,15192,5
BMW X5,13734,31585,1
Mercedez Benz C class,16849,33505,1
BMW X5,114947,10000,10
Audi A5,92551,14161,6
Audi A5,11220,36991,1
Mercedez Benz C class,30951,32821,2
Audi A5,162880,10000,10
Audi A5,68190,13808,7
Audi A5,82373,22704,6
BMW X5,164108,10000,10
Mercedez Benz C class,91329,10000,7
Mercedez Benz C class,84097,19298,5
BMW X5,86204,10000,8
BMW X5,90611,10000,7
Mercedez Benz C class,123949,10000,9
Mercedez Benz C class,83633,15012,5
Audi A5,54317,15666,6
BMW X5,27222,36849,2
BMW X5,154234,10000,10
Audi A5,29865,26103,2
Audi A5,17430,40132,1
Audi A5,10564,33012,1
Mercedez Benz C class,45848,33254,3
Audi A5,112582,10000,9
BMW X5,22002,28324,2
Audi A5,25632,36323,3
BMW X5,90426,10000,10
Mercedez Benz C class,78041,10000,7
Audi A5,41746,25344,3
BMW X5,139521,10000,8
Audi A5,107179,10000,6
Mercedez Benz C class,67902,10000,6
Mercedez Benz C class,85988,10000,8
Mercedez Benz C class,85182,15061,6
Mercedez Benz C class,98709,10000,8
Mercedez Benz C class,35972,38506,2
BMW X5,145328,10000,10
BMW X5,87037,10000,10
BMW X5,24221,29450,2
Audi A5,51005,27834,5
Audi A5,26281,24391,3
Audi A5,42459,25644,3
Mercedez Benz C class,149322,10000,9
Mercedez Benz C class,68373,13363,6
Audi A5,127266,10000,8
BMW X5,56847,18379,7
Mercedez Benz C class,55032,13885,5
Mercedez Benz C class,32563,32899,2
Mercedez Benz C class,141275,10000,10
BMW X5,71401,18107,5
Audi A5,101308,10000,8
Mercedez Benz C class,106850,10000,8
BMW X5,95974,21744,6
BMW X5,24020,35216,3
BMW X5,9925,36520,1
BMW X5,122915,10000,8
BMW X5,36034,17216,4
Mercedez Benz C class,15718,33736,1
Mercedez Benz C class,74935,10000,9
Mercedez Benz C class,104737,10000,7
Audi A5,116257,10000,8
Mercedez Benz C class,52382,29409,3
Audi A5,80031,10000,8
Audi A5,172909,10000,10
Audi A5,123931,10000,7
Audi A5,106022,10000,10
BMW X5,32649,31669,3
BMW X5,37475,22015,3
BMW X5,104941,10000,8
Mercedez Benz C class,141553,10000,9
BMW X5,64186,10000,8
Mercedez Benz C class,35923,23993,3
Mercedez Benz C class,23698,26561,2
Mercedez Benz C class,92749,10000,10
Audi A5,37176,38838,3
Audi A5,70702,16909,5
Audi A5,58323,12867,7
Mercedez Benz C class,111288,12709,8
Audi A5,85521,10000,10
BMW X5,89481,10000,5
Mercedez Benz C class,107558,10000,10
Audi A5,27918,28208,3
Mercedez Benz C class,18733,30297,2
Audi A5,26650,30769,2
Audi A5,119593,10000,10
BMW X5,105889,16639,6
Audi A5,103106,10000,9
BMW X5,119996,10000,8
BMW X5,61970,29079,4
BMW X5,14701,36681,1
Mercedez Benz C class,45424,37270,3
Mercedez Benz C class,11028,34145,1
BMW X5,77358,13747,8
Mercedez Benz C class,141327,10000,8
Mercedez Benz C class,47913,24003,5
BMW X5,43101,17796,4
Mercedez Benz C class,87979,14165,5
BMW X5,36509,30773,3
BMW X5,14298,43272,1
Audi A5,134432,10000,10
Audi A5,56255,25351,5
Audi A5,34200,25385,4
Audi A5,102106,10506,8
BMW X5,87372,10000,6
BMW X5,16328,39894,2
Mercedez Benz C class,32210,33432,4
BMW X5,32201,35096,3
BMW X5,45113,20587,3
Mercedez Benz C class,103051,12215,6
Audi A5,87236,11946,6
BMW X5,45214,24160,4
Mercedez Benz C class,25616,26014,3
BMW X5,82896,19376,5
BMW X5,94408,10000,8
Mercedez Benz C class,110579,10000,10
Audi A5,51079,22879,5
BMW X5,32039,22013,3
Mercedez Benz C class,87823,10000,6
Audi A5,150146,10000,10
Mercedez Benz C class,142324,10000,10
Audi A5,41568,31623,3
Audi A5,8046,44067,1
Audi A5,33969,36995,2
BMW X5,105950,10000,7
Mercedez Benz C class,87311,14634,5
Audi A5,130414,10000,9
Audi A5,28272,30297,3
BMW X5,96492,22043,6
Audi A5,89027,10000,10
Audi A5,70165,21484,5
BMW X5,33995,29330,2
BMW X5,94838,10000,9
BMW X5,23328,40763,2
BMW X5,59356,10000,7
BMW X5,97423,10000,8
Mercedez Benz C class,30116,36052,2
BMW X5,9228,32407,1
Audi A5,60247,10000,7
Audi A5,138628,10000,10
BMW X5,32097,29383,3
Mercedez Benz C class,8590,44454,1
Mercedez Benz C class,9691,39938,1
Mercedez Benz C class,16559,44729,1
Mercedez Benz C class,136599,10000,8
Audi A5,87202,10000,9
Audi A5,33321,26621,2
Mercedez Benz C class,80336,10000,8
BMW X5,138173,10000,10
BMW X5,120477,10000,8
Audi A5,84494,10000,8
BMW X5,47973,29600,3
Mercedez Benz C class,131070,10026,8
Audi A5,37834,29011,3
Mercedez Benz C class,20993,32203,2
BMW X5,89536,14293,8
Audi A5,63086,13511,7
Audi A5,81832,19475,6
BMW X5,35316,34229,3
Audi A5,67743,10000,8
Audi A5,30696,22127,3
Audi A5,34643,32302,3
Mercedez Benz C class,79956,13446,6
Mercedez Benz C class,89251,16356,5
Mercedez Benz C class,84841,15206,5
Mercedez Benz C class,122550,10000,7
Audi A5,170771,10000,10
Audi A5,32315,27994,4
Audi A5,90830,10000,6
Mercedez Benz C class,167964,10000,10
Mercedez Benz C class,58529,18848,5
Mercedez Benz C class,98758,10000,9
BMW X5,50574,10000,6
BMW X5,33561,29494,3
Audi A5,49460,26720,3
Audi A5,25785,29467,2
Mercedez Benz C class,63229,13248,5
Audi A5,43735,29524,3
Mercedez Benz C class,138864,14232,8
BMW X5,142944,10000,8
Mercedez Benz C class,94365,10000,9
Mercedez Benz C class,73714,16383,5
Audi A5,178238,10000,10
BMW X5,165225,10000,10
Mercedez Benz C class,54029,19232,5
Mercedez Benz C class,16974,43865,1
BMW X5,71109,23270,4
BMW X5,43455,22612,5
Audi A5,26374,32204,2
BMW X5,48282,17737,5
Mercedez Benz C class,52911,10000,6
Audi A5,25057,33140,3
Mercedez Benz C class,90319,10000,9
BMW X5,66685,10000,7
Mercedez Benz C class,81584,10000,9
Audi A5,87802,12496,5
Audi A5,92952,10000,10
Mercedez Benz C class,17245,41588,1
Audi A5,16710,30996,2
BMW X5,53775,18796,3
Mercedez Benz C class,15002,39748,1
BMW X5,174122,10000,10
Mercedez Benz C class,124129,10000,8
Mercedez Benz C class,14435,41516,1
BMW X5,11546,44354,1
BMW X5,51384,18209,4
Audi A5,156435,10000,10
BMW X5,36962,34477,3
Audi A5,36212,25531,3
BMW X5,110875,13749,7
Audi A5,38626,27081,4
BMW X5,81722,10000,10
BMW X5,166499,10000,10
BMW X5,10134,41306,1
BMW X5,58404,16955,5
BMW X5,97127,10000,8
Audi A5,66574,14465,4
BMW X5,68163,22870,5
Mercedez Benz C class,103533,10000,8
Audi A5,64496,19387,4
Audi A5,24607,34265,2
BMW X5,44880,34411,4
Audi A5,105015,10000,6
BMW X5,12565,35022,1
BMW X5,131270,12590,8
BMW X5,146374,10000,10
Audi A5,31134,39015,2
Mercedez Benz C class,66947,10000,8
BMW X5,23404,34902,2
Audi A5,163145,10000,10
Audi A5,109631,10000,9
Mercedez Benz C class,65169,29314,4
BMW X5,11003,39613,1
Mercedez Benz C class,61267,27555,5
BMW X5,28785,29618,2
BMW X5,87386,11123,6
Mercedez Benz C class,99388,10000,6
BMW X5,99766,10000,6
BMW X5,17013,34365,1
Audi A5,67270,10000,6
Audi A5,85036,17585,5
BMW X5,70480,10725,7
BMW X5,34761,25645,2
BMW X5,32627,21874,4
Audi A5,124885,10000,8
Mercedez Benz C class,82238,19130,5
Audi A5,17407,33280,1
Mercedez Benz C class,89853,10000,9
Audi A5,72108,24553,5
BMW X5,14196,36123,1
BMW X5,41750,14744,4
Audi A5,46073,21227,4
Audi A5,134925,10000,9
BMW X5,28700,35869,2
Audi A5,95932,18762,6
Mercedez Benz C class,79604,14300,5
Mercedez Benz C class,81916,11655,5
Mercedez Benz C class,175424,10000,10
Audi A5,92161,10000,7
Mercedez Benz C class,78763,10000,8
BMW X5,24788,25679,2
Audi A5,52735,19830,4
Mercedez Benz C class,93296,12066,7
BMW X5,20874,33942,2
Audi A5,104304,10000,8
Audi A5,70836,10000,8
BMW X5,60332,10000,7
BMW X5,106408,10000,6
BMW X5,90257,10000,10
Mercedez Benz C class,32279,31084,2
BMW X5,168462,10000,10
Mercedez Benz C class,27098,41025,2
Mercedez Benz C class,51299,33885,3
Mercedez Benz C class,91152,10000,8
BMW X5,16235,36711,2
Audi A5,35639,36394,2
BMW X5,35291,32742,2
Mercedez Benz C class,28491,29697,2
BMW X5,107829,10000,7
Mercedez Benz C class,161021,10000,10
BMW X5,84853,23937,6
BMW X5,17792,40070,1
Audi A5,16136,34454,1
BMW X5,60380,20229,7
Mercedez Benz C class,72099,10000,6
Audi A5,41217,19244,4
BMW X5,117037,10000,8
BMW X5,105291,10000,9
BMW X5,39108,29898,4
Mercedez Benz C class,24566,34193,2
BMW X5,40920,22004,3
BMW X5,32023,26836,2
Audi A5,59646,21752,4
Mercedez Benz C class,68441,20765,5
Audi A5,35469,28914,2
Audi A5,74426,20845,6
Audi A5,33798,29401,2
Mercedez Benz C class,64462,12286,6
BMW X5,137760,10000,9
Audi A5,36915,19379,4
Audi A5,117343,10000,10
BMW X5,39889,31856,3
Mercedez Benz C class,66130,17680,5
BMW X5,29769,31427,3
Audi A5,27256,29807,2
BMW X5,43820,29960,3
Audi A5,126811,10000,10
Mercedez Benz C class,145257,10000,9
BMW X5,32922,19902,4
BMW X5,17858,27871,2
BMW X5,94172,15491,6
Mercedez Benz C class,168878,10000,10
Mercedez Benz C class,68022,10000,7
Mercedez Benz C class,109155,10000,9
Audi A5,34230,27846,2
BMW X5,124372,10000,7
BMW X5,96259,11214,8
BMW X5,56856,13669,5
BMW X5,71339,20992,4
Mercedez Benz C class,68622,14958,5
Mercedez Benz C class,29304,24193,2
Audi A5,39465,33496,4
Audi A5,87490,10000,6
Mercedez Benz C class,109127,10000,8
BMW X5,107305,12098,7
Mercedez Benz C class,47674,18705,4
BMW X5,149534,10000,9
Mercedez Benz C class,30289,19597,3
Audi A5,81005,10000,10
Audi A5,95170,10000,6
Mercedez Benz C class,56594,24322,4
BMW X5,35048,21330,3
Mercedez Benz C class,54863,24269,6
BMW X5,91694,12222,6
BMW X5,33787,37806,2
BMW X5,21773,39786,2
Audi A5,78646,16690,6
BMW X5,134357,10000,9
BMW X5,10180,34109,1
BMW X5,25232,28561,3
Audi A5,78712,10000,9
Audi A5,62019,16617,4
Mercedez Benz C class,62463,10000,5
Audi A5,10428,31280,1
BMW X5,77374,10000,7
BMW X5,30452,30040,2
Audi A5,95375,10000,10
BMW X5,80811,10000,7
BMW X5,149662,10000,10
BMW X5,61401,17859,4
BMW X5,68564,17397,5
Mercedez Benz C class,140393,10000,9
BMW X5,43021,24027,4
Audi A5,10347,34405,1
Audi A5,100947,11932,6
Mercedez Benz C class,74439,10000,9
Mercedez Benz C class,141196,10000,8
BMW X5,79431,10000,8
Mercedez Benz C class,59351,12784,4
Audi A5,132953,10000,8
Audi A5,31316,28834,2
BMW X5,85101,10000,10
BMW X5,83137,16790,7
Mercedez Benz C class,93219,10000,9
Audi A5,88831,10000,7
Audi A5,65127,25362,4
BMW X5,125768,10000,9
Mercedez Benz C class,89979,14767,8
Mercedez Benz C class,48618,30580,3
Audi A5,108235,10000,9
Audi A5,149964,10000,10
Mercedez Benz C class,29542,38321,2
Mercedez Benz C class,27666,31248,3
BMW X5,75522,14593,7
Mercedez Benz C class,78471,19071,5
BMW X5,147134,10000,10
Audi A5,84945,16309,8
BMW X5,125345,10000,8
Audi A5,121062,16908,7
BMW X5,109248,10000,7
Mercedez Benz C class,130699,10000,10
Audi A5,32805,21767,4
BMW X5,37912,23617,4
Audi A5,16103,37956,1
Mercedez Benz C class,90815,10000,6
Audi A5,102575,10000,7
Mercedez Benz C class,32037,27431,2
Mercedez Benz C class,77519,16896,8
Mercedez Benz C class,9294,33141,1
Audi A5,82346,12513,7
Audi A5,49870,28672,3
Audi A5,86977,12180,7
BMW X5,114354,10000,10
BMW X5,140236,10000,10
Mercedez Benz C class,42856,22422,4
BMW X5,74883,11215,5
Audi A5,67912,10989,4
Mercedez Benz C class,9316,40241,1
BMW X5,71378,10000,6
Audi A5,72631,10000,7
Mercedez Benz C class,50509,16021,4
Mercedez Benz C class,23179,26934,2
Mercedez Benz C class,87620,11672,6
Audi A5,69851,10000,8
BMW X5,82852,10000,8
BMW X5,72600,17515,5
Mercedez Benz C class,66598,16542,6
Audi A5,113858,10000,9
BMW X5,29913,30200,3
Mercedez Benz C class,45408,21878,3
Audi A5,16337,41048,1
BMW X5,66642,23147,5
Audi A5,68851,10000,7
Mercedez Benz C class,44288,22022,5
BMW X5,71165,19347,5
BMW X5,97357,10474,6
BMW X5,115502,10000,7
Mercedez Benz C class,112033,10000,8
Audi A5,92890,10000,8
Mercedez Benz C class,50532,18195,4
Mercedez Benz C class,162311,10000,10
BMW X5,29460,31716,3
Audi A5,90050,10970,6
BMW X5,84244,10000,8
Audi A5,32846,23603,2
BMW X5,71515,18118,4
Mercedez Benz C class,119955,10000,9
Mercedez Benz C class,47767,26911,4
Audi A5,94921,16078,8
Mercedez Benz C class,72934,10000,6
Audi A5,22105,30158,2
BMW X5,136915,10000,10
Audi A5,91978,10000,8
BMW X5,153480,10000,10
Audi A5,74754,14556,6
Audi A5,94771,11457,6
